strategy,n_trades,win_rate,avg_win_pct,avg_loss_pct,total_return_pct,cagr_pct,sharpe,sortino,max_dd_pct,trades_per_year,turnover_pct,n_stocks_traded,sub_periods
RSI2_5_hold1,73427,49.45,1.282,-1.328,-64.31,-8.66,-0.245,-0.276,-64.39,6454.0,32270.0,166,"{'2014-2017': {'sharpe': -0.36, 'return_pct': -20.48}, '2018-2021': {'sharpe': 0.01, 'return_pct': -21.48}, '2022-2024': {'sharpe': -0.906, 'return_pct': -41.59}}"
RSI2_5_hold2,63723,50.83,1.758,-1.826,-32.85,-3.44,-0.023,-0.024,-64.5,5603.0,28015.0,166,"{'2014-2017': {'sharpe': 0.296, 'return_pct': 14.59}, '2018-2021': {'sharpe': -0.133, 'return_pct': -27.67}, '2022-2024': {'sharpe': -0.174, 'return_pct': -21.74}}"
RSI2_5_hold3,55767,51.39,2.214,-2.216,54.85,3.92,0.28,0.285,-54.06,4905.2,24525.8,166,"{'2014-2017': {'sharpe': 0.273, 'return_pct': 13.66}, '2018-2021': {'sharpe': 0.435, 'return_pct': 43.53}, '2022-2024': {'sharpe': -0.085, 'return_pct': -15.86}}"
RSI2_10_hold1,78337,49.44,1.276,-1.324,-67.34,-9.37,-0.267,-0.302,-67.41,6885.6,34427.8,166,"{'2014-2017': {'sharpe': -0.408, 'return_pct': -23.5}, '2018-2021': {'sharpe': -0.012, 'return_pct': -24.39}, '2022-2024': {'sharpe': -0.895, 'return_pct': -42.67}}"
RSI2_10_hold2,67290,50.92,1.753,-1.824,-32.73,-3.43,-0.017,-0.017,-64.64,5916.6,29583.2,166,"{'2014-2017': {'sharpe': 0.337, 'return_pct': 18.06}, '2018-2021': {'sharpe': -0.125, 'return_pct': -27.53}, '2022-2024': {'sharpe': -0.196, 'return_pct': -23.98}}"
RSI2_10_hold3,58451,51.41,2.198,-2.214,46.58,3.42,0.263,0.264,-54.64,5141.2,25706.2,166,"{'2014-2017': {'sharpe': 0.173, 'return_pct': 5.48}, '2018-2021': {'sharpe': 0.429, 'return_pct': 41.53}, '2022-2024': {'sharpe': -0.054, 'return_pct': -14.31}}"
RSI2_15_hold1,83544,49.39,1.275,-1.316,-67.78,-9.47,-0.258,-0.294,-67.82,7343.2,36716.2,166,"{'2014-2017': {'sharpe': -0.391, 'return_pct': -23.62}, '2018-2021': {'sharpe': 0.002, 'return_pct': -23.58}, '2022-2024': {'sharpe': -0.862, 'return_pct': -43.06}}"
RSI2_15_hold2,71086,50.91,1.747,-1.818,-34.54,-3.66,-0.019,-0.019,-64.63,6250.4,31252.0,166,"{'2014-2017': {'sharpe': 0.369, 'return_pct': 20.85}, '2018-2021': {'sharpe': -0.111, 'return_pct': -27.4}, '2022-2024': {'sharpe': -0.222, 'return_pct': -26.47}}"
RSI2_15_hold3,61239,51.38,2.185,-2.204,44.43,3.29,0.258,0.261,-53.67,5386.5,26932.3,166,"{'2014-2017': {'sharpe': 0.184, 'return_pct': 6.24}, '2018-2021': {'sharpe': 0.473, 'return_pct': 49.55}, '2022-2024': {'sharpe': -0.116, 'return_pct': -19.05}}"
RSI2_20_hold1,89100,49.33,1.271,-1.308,-69.71,-9.97,-0.268,-0.311,-69.93,7831.6,39158.0,166,"{'2014-2017': {'sharpe': -0.501, 'return_pct': -29.29}, '2018-2021': {'sharpe': 0.043, 'return_pct': -19.16}, '2022-2024': {'sharpe': -0.904, 'return_pct': -45.57}}"
RSI2_20_hold2,74993,50.94,1.746,-1.814,-32.77,-3.43,-0.003,-0.003,-66.55,6593.9,32969.7,166,"{'2014-2017': {'sharpe': 0.38, 'return_pct': 22.18}, '2018-2021': {'sharpe': -0.106, 'return_pct': -28.04}, '2022-2024': {'sharpe': -0.177, 'return_pct': -24.17}}"
RSI2_20_hold3,64103,51.47,2.176,-2.197,54.79,3.92,0.281,0.284,-54.1,5638.4,28191.9,166,"{'2014-2017': {'sharpe': 0.15, 'return_pct': 3.28}, '2018-2021': {'sharpe': 0.536, 'return_pct': 62.36}, '2022-2024': {'sharpe': -0.09, 'return_pct': -17.55}}"
RSI2_25_hold1,94912,49.22,1.27,-1.306,-73.07,-10.89,-0.294,-0.342,-73.17,8342.5,41712.3,166,"{'2014-2017': {'sharpe': -0.6, 'return_pct': -34.44}, '2018-2021': {'sharpe': 0.046, 'return_pct': -19.75}, '2022-2024': {'sharpe': -0.913, 'return_pct': -46.91}}"
RSI2_25_hold2,79009,50.97,1.739,-1.801,-28.26,-2.88,0.021,0.023,-65.45,6947.1,34735.3,166,"{'2014-2017': {'sharpe': 0.335, 'return_pct': 18.43}, '2018-2021': {'sharpe': -0.039, 'return_pct': -21.87}, '2022-2024': {'sharpe': -0.128, 'return_pct': -21.26}}"
RSI2_25_hold3,66941,51.47,2.17,-2.194,55.45,3.96,0.282,0.288,-54.14,5888.0,29440.0,166,"{'2014-2017': {'sharpe': 0.115, 'return_pct': 0.46}, '2018-2021': {'sharpe': 0.582, 'return_pct': 72.35}, '2022-2024': {'sharpe': -0.099, 'return_pct': -18.82}}"
RSI3_5_hold1,38730,49.69,1.291,-1.34,-33.19,-3.48,-0.218,-0.231,-45.75,3405.4,17027.1,166,"{'2014-2017': {'sharpe': -0.306, 'return_pct': -11.2}, '2018-2021': {'sharpe': 0.136, 'return_pct': 3.88}, '2022-2024': {'sharpe': -0.828, 'return_pct': -27.84}}"
RSI3_5_hold2,33201,50.54,1.846,-1.843,6.29,0.54,0.11,0.107,-39.83,2920.3,14601.5,166,"{'2014-2017': {'sharpe': 0.056, 'return_pct': -0.76}, '2018-2021': {'sharpe': 0.447, 'return_pct': 25.02}, '2022-2024': {'sharpe': -0.402, 'return_pct': -20.44}}"
RSI3_5_hold3,30918,51.67,2.262,-2.294,22.77,1.82,0.2,0.166,-59.51,2720.4,13602.2,166,"{'2014-2017': {'sharpe': 0.123, 'return_pct': 2.59}, '2018-2021': {'sharpe': 0.299, 'return_pct': 17.81}, '2022-2024': {'sharpe': -0.027, 'return_pct': -5.28}}"
RSI3_10_hold1,46427,49.54,1.277,-1.324,-40.82,-4.51,-0.261,-0.283,-49.88,4082.2,20411.0,166,"{'2014-2017': {'sharpe': -0.333, 'return_pct': -13.43}, '2018-2021': {'sharpe': 0.094, 'return_pct': 0.46}, '2022-2024': {'sharpe': -0.868, 'return_pct': -30.93}}"
RSI3_10_hold2,39029,50.69,1.828,-1.835,7.03,0.6,0.118,0.118,-43.08,3432.9,17164.6,166,"{'2014-2017': {'sharpe': 0.058, 'return_pct': -1.18}, '2018-2021': {'sharpe': 0.467, 'return_pct': 29.19}, '2022-2024': {'sharpe': -0.403, 'return_pct': -22.29}}"
RSI3_10_hold3,35919,51.66,2.248,-2.271,34.46,2.64,0.237,0.206,-60.24,3160.5,15802.4,166,"{'2014-2017': {'sharpe': 0.185, 'return_pct': 6.18}, '2018-2021': {'sharpe': 0.368, 'return_pct': 27.99}, '2022-2024': {'sharpe': -0.072, 'return_pct': -8.18}}"
RSI3_15_hold1,54695,49.38,1.263,-1.326,-54.47,-6.68,-0.373,-0.403,-55.96,4809.2,24046.0,166,"{'2014-2017': {'sharpe': -0.399, 'return_pct': -17.18}, '2018-2021': {'sharpe': 0.03, 'return_pct': -5.4}, '2022-2024': {'sharpe': -1.121, 'return_pct': -39.96}}"
RSI3_15_hold2,45141,50.57,1.815,-1.833,-3.79,-0.34,0.067,0.069,-48.66,3970.5,19852.6,166,"{'2014-2017': {'sharpe': 0.055, 'return_pct': -1.75}, '2018-2021': {'sharpe': 0.408, 'return_pct': 26.44}, '2022-2024': {'sharpe': -0.502, 'return_pct': -28.03}}"
RSI3_15_hold3,40985,51.55,2.215,-2.262,18.73,1.52,0.187,0.167,-62.53,3606.2,18031.1,166,"{'2014-2017': {'sharpe': 0.226, 'return_pct': 8.89}, '2018-2021': {'sharpe': 0.325, 'return_pct': 22.12}, '2022-2024': {'sharpe': -0.233, 'return_pct': -17.2}}"
RSI3_20_hold1,63636,49.36,1.253,-1.334,-65.52,-8.94,-0.476,-0.511,-66.72,5595.3,27976.7,166,"{'2014-2017': {'sharpe': -0.492, 'return_pct': -22.13}, '2018-2021': {'sharpe': -0.131, 'return_pct': -19.18}, '2022-2024': {'sharpe': -1.139, 'return_pct': -42.67}}"
RSI3_20_hold2,51451,50.87,1.814,-1.843,2.67,0.23,0.105,0.112,-53.94,4525.5,22627.7,166,"{'2014-2017': {'sharpe': 0.134, 'return_pct': 3.08}, '2018-2021': {'sharpe': 0.377, 'return_pct': 25.49}, '2022-2024': {'sharpe': -0.435, 'return_pct': -26.85}}"
RSI3_20_hold3,46110,51.8,2.205,-2.265,29.9,2.33,0.221,0.207,-64.27,4057.2,20285.8,166,"{'2014-2017': {'sharpe': 0.288, 'return_pct': 13.85}, '2018-2021': {'sharpe': 0.336, 'return_pct': 24.19}, '2022-2024': {'sharpe': -0.21, 'return_pct': -17.53}}"
RSI3_25_hold1,73315,49.35,1.249,-1.33,-71.11,-10.34,-0.491,-0.521,-72.28,6446.4,32232.0,166,"{'2014-2017': {'sharpe': -0.616, 'return_pct': -28.22}, '2018-2021': {'sharpe': -0.178, 'return_pct': -26.42}, '2022-2024': {'sharpe': -1.071, 'return_pct': -43.48}}"
RSI3_25_hold2,57808,50.93,1.801,-1.841,-2.84,-0.25,0.088,0.094,-57.05,5084.7,25423.4,166,"{'2014-2017': {'sharpe': 0.108, 'return_pct': 1.12}, '2018-2021': {'sharpe': 0.337, 'return_pct': 22.77}, '2022-2024': {'sharpe': -0.427, 'return_pct': -28.59}}"
RSI3_25_hold3,51194,51.75,2.189,-2.251,28.97,2.26,0.219,0.208,-64.16,4504.5,22522.5,166,"{'2014-2017': {'sharpe': 0.189, 'return_pct': 6.62}, '2018-2021': {'sharpe': 0.373, 'return_pct': 30.63}, '2022-2024': {'sharpe': -0.205, 'return_pct': -18.83}}"
IBS_0.1_hold1,44731,50.26,1.335,-1.305,11.74,0.98,0.139,0.161,-41.78,3930.3,19651.7,166,"{'2014-2017': {'sharpe': -0.104, 'return_pct': -7.14}, '2018-2021': {'sharpe': 0.404, 'return_pct': 27.46}, '2022-2024': {'sharpe': 0.005, 'return_pct': -2.96}}"
IBS_0.1_hold2,40680,52.19,1.863,-1.808,139.27,7.97,0.487,0.52,-36.86,3575.6,17878.2,166,"{'2014-2017': {'sharpe': 0.119, 'return_pct': 2.13}, '2018-2021': {'sharpe': 0.768, 'return_pct': 72.77}, '2022-2024': {'sharpe': 0.498, 'return_pct': 31.87}}"
IBS_0.15_hold1,62167,49.98,1.304,-1.298,-14.52,-1.37,0.017,0.02,-58.18,5462.4,27311.9,166,"{'2014-2017': {'sharpe': -0.395, 'return_pct': -21.52}, '2018-2021': {'sharpe': 0.363, 'return_pct': 26.85}, '2022-2024': {'sharpe': -0.111, 'return_pct': -10.12}}"
IBS_0.15_hold2,54602,51.82,1.827,-1.784,148.38,8.33,0.471,0.538,-40.07,4799.3,23996.7,166,"{'2014-2017': {'sharpe': 0.111, 'return_pct': 1.41}, '2018-2021': {'sharpe': 0.711, 'return_pct': 76.98}, '2022-2024': {'sharpe': 0.518, 'return_pct': 37.12}}"
IBS_0.2_hold1,77778,49.61,1.281,-1.291,-41.41,-4.59,-0.118,-0.143,-67.73,6834.1,34170.3,166,"{'2014-2017': {'sharpe': -0.492, 'return_pct': -27.74}, '2018-2021': {'sharpe': 0.212, 'return_pct': 9.36}, '2022-2024': {'sharpe': -0.311, 'return_pct': -22.07}}"
IBS_0.2_hold2,66343,51.57,1.788,-1.772,109.64,6.72,0.39,0.462,-47.09,5831.3,29156.7,166,"{'2014-2017': {'sharpe': 0.12, 'return_pct': 2.01}, '2018-2021': {'sharpe': 0.594, 'return_pct': 64.84}, '2022-2024': {'sharpe': 0.377, 'return_pct': 23.06}}"
IBS_0.25_hold1,91914,49.41,1.264,-1.276,-54.57,-6.7,-0.181,-0.217,-71.27,8076.1,40380.6,166,"{'2014-2017': {'sharpe': -0.505, 'return_pct': -30.48}, '2018-2021': {'sharpe': 0.218, 'return_pct': 9.12}, '2022-2024': {'sharpe': -0.56, 'return_pct': -35.65}}"
IBS_0.25_hold2,76459,51.37,1.761,-1.769,62.07,4.34,0.293,0.341,-52.02,6720.5,33602.5,166,"{'2014-2017': {'sharpe': 0.198, 'return_pct': 7.58}, '2018-2021': {'sharpe': 0.484, 'return_pct': 49.43}, '2022-2024': {'sharpe': 0.177, 'return_pct': 2.9}}"
IBS0.15_RSI3_25_hold1,28147,49.79,1.333,-1.38,-23.87,-2.37,-0.167,-0.172,-40.17,2474.9,12374.5,166,"{'2014-2017': {'sharpe': -0.133, 'return_pct': -6.51}, '2018-2021': {'sharpe': 0.049, 'return_pct': -0.91}, '2022-2024': {'sharpe': -0.654, 'return_pct': -17.46}}"
IBS0.15_RSI3_25_hold2,25382,52.0,1.936,-1.907,57.18,4.06,0.343,0.332,-34.95,2232.6,11162.8,166,"{'2014-2017': {'sharpe': -0.062, 'return_pct': -8.11}, '2018-2021': {'sharpe': 0.708, 'return_pct': 44.02}, '2022-2024': {'sharpe': 0.334, 'return_pct': 13.09}}"
IBS0.15_RSI3_25_hold3,23957,52.76,2.341,-2.354,77.72,5.19,0.393,0.339,-44.47,2107.9,10539.7,166,"{'2014-2017': {'sharpe': -0.029, 'return_pct': -5.71}, '2018-2021': {'sharpe': 0.709, 'return_pct': 60.3}, '2022-2024': {'sharpe': 0.263, 'return_pct': 9.58}}"
IBS0.15_RSI3_30_hold1,31665,49.95,1.345,-1.381,-21.25,-2.08,-0.11,-0.118,-42.16,2784.2,13921.1,166,"{'2014-2017': {'sharpe': -0.165, 'return_pct': -8.17}, '2018-2021': {'sharpe': 0.166, 'return_pct': 5.93}, '2022-2024': {'sharpe': -0.641, 'return_pct': -18.84}}"
IBS0.15_RSI3_30_hold2,28400,52.1,1.933,-1.9,72.59,4.92,0.384,0.379,-35.55,2498.0,12490.1,166,"{'2014-2017': {'sharpe': -0.031, 'return_pct': -6.61}, '2018-2021': {'sharpe': 0.752, 'return_pct': 52.66}, '2022-2024': {'sharpe': 0.339, 'return_pct': 14.11}}"
IBS0.15_RSI3_30_hold3,26643,53.02,2.354,-2.35,117.8,7.09,0.48,0.427,-42.84,2344.3,11721.4,166,"{'2014-2017': {'sharpe': 0.035, 'return_pct': -2.65}, '2018-2021': {'sharpe': 0.831, 'return_pct': 82.57}, '2022-2024': {'sharpe': 0.311, 'return_pct': 12.99}}"
IBS0.15_RSI3_35_hold1,35130,50.01,1.339,-1.378,-23.52,-2.33,-0.11,-0.119,-44.4,3088.9,15444.5,166,"{'2014-2017': {'sharpe': -0.213, 'return_pct': -10.38}, '2018-2021': {'sharpe': 0.161, 'return_pct': 5.62}, '2022-2024': {'sharpe': -0.57, 'return_pct': -18.38}}"
IBS0.15_RSI3_35_hold2,31344,52.15,1.912,-1.889,77.25,5.16,0.387,0.393,-35.84,2757.0,13784.8,166,"{'2014-2017': {'sharpe': -0.029, 'return_pct': -6.68}, '2018-2021': {'sharpe': 0.723, 'return_pct': 54.4}, '2022-2024': {'sharpe': 0.373, 'return_pct': 16.85}}"
IBS0.15_RSI3_35_hold3,29200,53.08,2.331,-2.338,127.67,7.51,0.486,0.446,-43.12,2569.3,12846.4,166,"{'2014-2017': {'sharpe': 0.027, 'return_pct': -3.38}, '2018-2021': {'sharpe': 0.839, 'return_pct': 88.1}, '2022-2024': {'sharpe': 0.345, 'return_pct': 15.92}}"
IBS0.2_RSI3_25_hold1,34568,49.48,1.315,-1.38,-38.64,-4.2,-0.29,-0.296,-48.04,3039.5,15197.4,166,"{'2014-2017': {'sharpe': -0.136, 'return_pct': -7.18}, '2018-2021': {'sharpe': -0.117, 'return_pct': -11.61}, '2022-2024': {'sharpe': -0.865, 'return_pct': -24.18}}"
IBS0.2_RSI3_25_hold2,30587,51.72,1.892,-1.891,43.33,3.22,0.281,0.285,-38.42,2690.4,13451.9,166,"{'2014-2017': {'sharpe': -0.076, 'return_pct': -8.94}, '2018-2021': {'sharpe': 0.634, 'return_pct': 42.77}, '2022-2024': {'sharpe': 0.176, 'return_pct': 4.81}}"
IBS0.2_RSI3_25_hold3,28553,52.6,2.325,-2.327,95.21,6.06,0.42,0.382,-50.37,2512.3,12561.7,166,"{'2014-2017': {'sharpe': 0.112, 'return_pct': 1.79}, '2018-2021': {'sharpe': 0.629, 'return_pct': 58.44}, '2022-2024': {'sharpe': 0.294, 'return_pct': 11.66}}"
IBS0.2_RSI3_30_hold1,38841,49.64,1.322,-1.378,-37.59,-4.06,-0.234,-0.247,-50.11,3415.2,17075.9,166,"{'2014-2017': {'sharpe': -0.163, 'return_pct': -8.8}, '2018-2021': {'sharpe': -0.001, 'return_pct': -6.29}, '2022-2024': {'sharpe': -0.857, 'return_pct': -26.11}}"
IBS0.2_RSI3_30_hold2,34142,51.86,1.884,-1.886,54.22,3.88,0.313,0.324,-37.16,3003.1,15015.3,166,"{'2014-2017': {'sharpe': -0.023, 'return_pct': -6.17}, '2018-2021': {'sharpe': 0.65, 'return_pct': 48.2}, '2022-2024': {'sharpe': 0.162, 'return_pct': 4.05}}"
IBS0.2_RSI3_30_hold3,31637,52.83,2.331,-2.325,134.61,7.79,0.491,0.461,-49.81,2783.7,13918.5,166,"{'2014-2017': {'sharpe': 0.182, 'return_pct': 5.86}, '2018-2021': {'sharpe': 0.727, 'return_pct': 76.94}, '2022-2024': {'sharpe': 0.315, 'return_pct': 13.69}}"
IBS0.2_RSI3_35_hold1,43026,49.67,1.316,-1.377,-42.06,-4.69,-0.246,-0.265,-53.83,3783.2,18915.8,166,"{'2014-2017': {'sharpe': -0.229, 'return_pct': -11.92}, '2018-2021': {'sharpe': -0.001, 'return_pct': -7.66}, '2022-2024': {'sharpe': -0.836, 'return_pct': -27.51}}"
IBS0.2_RSI3_35_hold2,37600,51.94,1.867,-1.876,59.06,4.17,0.32,0.339,-38.74,3307.2,16536.1,166,"{'2014-2017': {'sharpe': -0.019, 'return_pct': -6.21}, '2018-2021': {'sharpe': 0.631, 'return_pct': 50.34}, '2022-2024': {'sharpe': 0.206, 'return_pct': 6.66}}"
IBS0.2_RSI3_35_hold3,34604,52.86,2.31,-2.311,147.41,8.3,0.5,0.482,-50.21,3044.8,15223.8,166,"{'2014-2017': {'sharpe': 0.171, 'return_pct': 5.26}, '2018-2021': {'sharpe': 0.724, 'return_pct': 79.89}, '2022-2024': {'sharpe': 0.371, 'return_pct': 18.44}}"
IBS0.25_RSI3_25_hold1,39892,49.3,1.304,-1.368,-45.55,-5.2,-0.334,-0.348,-50.35,3507.6,17538.0,166,"{'2014-2017': {'sharpe': -0.106, 'return_pct': -6.55}, '2018-2021': {'sharpe': -0.12, 'return_pct': -13.48}, '2022-2024': {'sharpe': -1.11, 'return_pct': -31.2}}"
IBS0.25_RSI3_25_hold2,34732,51.32,1.866,-1.879,25.01,1.98,0.202,0.21,-44.65,3055.0,15274.8,166,"{'2014-2017': {'sharpe': -0.071, 'return_pct': -9.08}, '2018-2021': {'sharpe': 0.502, 'return_pct': 33.02}, '2022-2024': {'sharpe': 0.051, 'return_pct': -1.67}}"
IBS0.25_RSI3_25_hold3,32181,52.34,2.298,-2.311,82.2,5.42,0.375,0.351,-54.48,2831.6,14157.8,166,"{'2014-2017': {'sharpe': 0.09, 'return_pct': 0.36}, '2018-2021': {'sharpe': 0.575, 'return_pct': 54.92}, '2022-2024': {'sharpe': 0.229, 'return_pct': 7.96}}"
IBS0.25_RSI3_30_hold1,44784,49.5,1.313,-1.366,-43.86,-4.95,-0.263,-0.279,-52.78,3937.7,19688.7,166,"{'2014-2017': {'sharpe': -0.095, 'return_pct': -6.63}, '2018-2021': {'sharpe': -0.018, 'return_pct': -9.01}, '2022-2024': {'sharpe': -1.056, 'return_pct': -32.52}}"
IBS0.25_RSI3_30_hold2,38677,51.42,1.859,-1.873,31.41,2.43,0.226,0.237,-44.08,3402.0,17009.8,166,"{'2014-2017': {'sharpe': -0.02, 'return_pct': -6.39}, '2018-2021': {'sharpe': 0.484, 'return_pct': 34.21}, '2022-2024': {'sharpe': 0.063, 'return_pct': -1.56}}"
IBS0.25_RSI3_30_hold3,35553,52.64,2.296,-2.312,115.75,7.0,0.439,0.418,-55.19,3128.3,15641.3,166,"{'2014-2017': {'sharpe': 0.177, 'return_pct': 5.64}, '2018-2021': {'sharpe': 0.624, 'return_pct': 65.0}, '2022-2024': {'sharpe': 0.284, 'return_pct': 11.81}}"
IBS0.25_RSI3_35_hold1,49659,49.56,1.306,-1.362,-47.72,-5.54,-0.268,-0.287,-56.15,4366.4,21831.9,166,"{'2014-2017': {'sharpe': -0.168, 'return_pct': -10.21}, '2018-2021': {'sharpe': -0.002, 'return_pct': -9.35}, '2022-2024': {'sharpe': -1.022, 'return_pct': -34.0}}"
IBS0.25_RSI3_35_hold2,42595,51.57,1.844,-1.864,37.17,2.82,0.243,0.261,-44.76,3746.6,18732.9,166,"{'2014-2017': {'sharpe': -0.011, 'return_pct': -6.03}, '2018-2021': {'sharpe': 0.493, 'return_pct': 37.86}, '2022-2024': {'sharpe': 0.102, 'return_pct': 0.29}}"
IBS0.25_RSI3_35_hold3,38850,52.67,2.273,-2.301,120.17,7.19,0.437,0.427,-55.75,3418.4,17091.8,166,"{'2014-2017': {'sharpe': 0.155, 'return_pct': 4.2}, '2018-2021': {'sharpe': 0.61, 'return_pct': 65.01}, '2022-2024': {'sharpe': 0.331, 'return_pct': 15.67}}"
BB-2.0_RSI3_30_hold2,11780,51.71,2.044,-2.249,-12.56,-1.18,-0.084,-0.069,-30.37,1042.7,5213.5,166,"{'2014-2017': {'sharpe': 0.105, 'return_pct': 2.05}, '2018-2021': {'sharpe': -0.162, 'return_pct': -9.1}, '2022-2024': {'sharpe': -0.337, 'return_pct': -6.86}}"
BB-2.0_RSI3_30_hold3,10583,52.23,2.531,-2.795,-10.61,-0.99,-0.026,-0.019,-40.91,937.1,4685.4,166,"{'2014-2017': {'sharpe': 0.237, 'return_pct': 6.55}, '2018-2021': {'sharpe': -0.079, 'return_pct': -10.24}, '2022-2024': {'sharpe': -0.497, 'return_pct': -10.03}}"
BB-2.0_RSI3_30_hold5,9417,54.59,3.225,-3.304,64.48,4.51,0.405,0.272,-49.3,834.4,4172.1,166,"{'2014-2017': {'sharpe': 1.256, 'return_pct': 42.98}, '2018-2021': {'sharpe': 0.259, 'return_pct': 12.46}, '2022-2024': {'sharpe': -0.112, 'return_pct': -3.04}}"
BB-2.0_RSI3_35_hold2,12087,51.76,2.028,-2.253,-15.14,-1.44,-0.104,-0.083,-32.62,1069.9,5349.4,166,"{'2014-2017': {'sharpe': 0.096, 'return_pct': 1.73}, '2018-2021': {'sharpe': -0.146, 'return_pct': -9.49}, '2022-2024': {'sharpe': -0.447, 'return_pct': -8.9}}"
BB-2.0_RSI3_35_hold3,10809,52.31,2.519,-2.788,-10.49,-0.98,-0.025,-0.018,-40.91,957.1,4785.4,166,"{'2014-2017': {'sharpe': 0.207, 'return_pct': 5.44}, '2018-2021': {'sharpe': -0.051, 'return_pct': -8.68}, '2022-2024': {'sharpe': -0.525, 'return_pct': -10.65}}"
BB-2.0_RSI3_35_hold5,9550,54.52,3.215,-3.302,62.32,4.39,0.396,0.267,-49.06,846.2,4231.0,166,"{'2014-2017': {'sharpe': 1.206, 'return_pct': 40.87}, '2018-2021': {'sharpe': 0.284, 'return_pct': 14.8}, '2022-2024': {'sharpe': -0.207, 'return_pct': -5.03}}"
BB-2.0_RSI3_40_hold2,12258,51.65,2.023,-2.253,-17.28,-1.66,-0.124,-0.099,-33.35,1085.0,5425.0,166,"{'2014-2017': {'sharpe': 0.075, 'return_pct': 0.97}, '2018-2021': {'sharpe': -0.166, 'return_pct': -10.7}, '2022-2024': {'sharpe': -0.454, 'return_pct': -9.08}}"
BB-2.0_RSI3_40_hold3,10915,52.29,2.514,-2.784,-11.12,-1.04,-0.029,-0.021,-41.2,966.5,4832.4,166,"{'2014-2017': {'sharpe': 0.202, 'return_pct': 5.28}, '2018-2021': {'sharpe': -0.07, 'return_pct': -9.89}, '2022-2024': {'sharpe': -0.493, 'return_pct': -10.13}}"
BB-2.0_RSI3_40_hold5,9609,54.41,3.211,-3.306,58.88,4.19,0.383,0.26,-49.04,851.4,4257.2,166,"{'2014-2017': {'sharpe': 1.186, 'return_pct': 40.4}, '2018-2021': {'sharpe': 0.286, 'return_pct': 15.01}, '2022-2024': {'sharpe': -0.302, 'return_pct': -6.92}}"
BB-2.5_RSI3_30_hold2,4488,50.89,2.174,-2.331,-5.79,-0.53,-0.072,-0.046,-12.72,397.3,1986.3,166,"{'2014-2017': {'sharpe': -0.024, 'return_pct': -1.31}, '2018-2021': {'sharpe': 0.052, 'return_pct': 0.55}, '2022-2024': {'sharpe': -0.641, 'return_pct': -5.98}}"
BB-2.5_RSI3_30_hold3,4307,51.99,2.634,-2.823,-0.97,-0.09,0.02,0.012,-19.46,381.4,1906.8,166,"{'2014-2017': {'sharpe': 0.293, 'return_pct': 6.12}, '2018-2021': {'sharpe': -0.008, 'return_pct': -1.86}, '2022-2024': {'sharpe': -0.637, 'return_pct': -6.1}}"
BB-2.5_RSI3_30_hold5,4216,54.44,3.164,-3.253,25.32,2.02,0.331,0.187,-26.84,373.6,1867.8,166,"{'2014-2017': {'sharpe': 1.286, 'return_pct': 24.09}, '2018-2021': {'sharpe': 0.059, 'return_pct': 0.27}, '2022-2024': {'sharpe': -0.093, 'return_pct': -1.18}}"
BB-2.5_RSI3_35_hold2,4541,50.98,2.171,-2.337,-5.92,-0.54,-0.071,-0.045,-12.72,401.9,2009.7,166,"{'2014-2017': {'sharpe': -0.047, 'return_pct': -1.84}, '2018-2021': {'sharpe': 0.061, 'return_pct': 0.76}, '2022-2024': {'sharpe': -0.623, 'return_pct': -5.81}}"
BB-2.5_RSI3_35_hold3,4353,52.06,2.633,-2.828,-0.84,-0.07,0.022,0.013,-18.79,385.4,1927.2,166,"{'2014-2017': {'sharpe': 0.274, 'return_pct': 5.65}, '2018-2021': {'sharpe': 0.007, 'return_pct': -1.33}, '2022-2024': {'sharpe': -0.625, 'return_pct': -6.06}}"
BB-2.5_RSI3_35_hold5,4254,54.37,3.183,-3.254,26.4,2.1,0.339,0.194,-26.72,376.9,1884.7,166,"{'2014-2017': {'sharpe': 1.257, 'return_pct': 23.37}, '2018-2021': {'sharpe': 0.111, 'return_pct': 2.45}, '2022-2024': {'sharpe': -0.155, 'return_pct': -1.88}}"
BB-2.5_RSI3_40_hold2,4567,51.06,2.174,-2.334,-5.21,-0.47,-0.059,-0.038,-12.69,404.2,2021.2,166,"{'2014-2017': {'sharpe': -0.044, 'return_pct': -1.78}, '2018-2021': {'sharpe': 0.067, 'return_pct': 0.91}, '2022-2024': {'sharpe': -0.561, 'return_pct': -5.3}}"
BB-2.5_RSI3_40_hold3,4372,52.08,2.629,-2.822,-0.6,-0.05,0.025,0.015,-18.77,387.1,1935.6,166,"{'2014-2017': {'sharpe': 0.276, 'return_pct': 5.72}, '2018-2021': {'sharpe': 0.007, 'return_pct': -1.34}, '2022-2024': {'sharpe': -0.604, 'return_pct': -5.88}}"
BB-2.5_RSI3_40_hold5,4271,54.3,3.177,-3.253,25.46,2.03,0.329,0.188,-26.72,378.4,1892.2,166,"{'2014-2017': {'sharpe': 1.253, 'return_pct': 23.29}, '2018-2021': {'sharpe': 0.108, 'return_pct': 2.32}, '2022-2024': {'sharpe': -0.206, 'return_pct': -2.43}}"
BB-3.0_RSI3_30_hold2,1232,50.57,1.988,-2.605,-8.57,-0.79,-0.358,-0.136,-9.63,109.3,546.6,166,"{'2014-2017': {'sharpe': -0.231, 'return_pct': -2.7}, '2018-2021': {'sharpe': -0.204, 'return_pct': -1.59}, '2022-2024': {'sharpe': -1.093, 'return_pct': -4.52}}"
BB-3.0_RSI3_30_hold3,1228,50.41,2.609,-2.82,-2.86,-0.26,-0.093,-0.042,-7.4,109.0,544.8,166,"{'2014-2017': {'sharpe': 0.397, 'return_pct': 4.44}, '2018-2021': {'sharpe': -0.215, 'return_pct': -2.37}, '2022-2024': {'sharpe': -1.157, 'return_pct': -4.55}}"
BB-3.0_RSI3_30_hold5,1226,53.18,3.101,-3.067,6.45,0.56,0.254,0.122,-8.15,108.7,543.7,166,"{'2014-2017': {'sharpe': 1.132, 'return_pct': 10.31}, '2018-2021': {'sharpe': 0.097, 'return_pct': 0.94}, '2022-2024': {'sharpe': -0.961, 'return_pct': -4.48}}"
BB-3.0_RSI3_35_hold2,1237,50.53,1.985,-2.595,-8.56,-0.79,-0.357,-0.136,-9.58,109.8,548.8,166,"{'2014-2017': {'sharpe': -0.229, 'return_pct': -2.68}, '2018-2021': {'sharpe': -0.204, 'return_pct': -1.59}, '2022-2024': {'sharpe': -1.095, 'return_pct': -4.53}}"
BB-3.0_RSI3_35_hold3,1233,50.36,2.606,-2.811,-2.85,-0.26,-0.093,-0.042,-7.4,109.4,547.0,166,"{'2014-2017': {'sharpe': 0.399, 'return_pct': 4.47}, '2018-2021': {'sharpe': -0.215, 'return_pct': -2.37}, '2022-2024': {'sharpe': -1.16, 'return_pct': -4.57}}"
BB-3.0_RSI3_35_hold5,1231,53.21,3.094,-3.062,6.47,0.56,0.254,0.122,-8.15,109.2,546.0,166,"{'2014-2017': {'sharpe': 1.129, 'return_pct': 10.28}, '2018-2021': {'sharpe': 0.097, 'return_pct': 0.94}, '2022-2024': {'sharpe': -0.951, 'return_pct': -4.44}}"
BB-3.0_RSI3_40_hold2,1237,50.53,1.985,-2.595,-8.56,-0.79,-0.357,-0.136,-9.58,109.8,548.8,166,"{'2014-2017': {'sharpe': -0.229, 'return_pct': -2.68}, '2018-2021': {'sharpe': -0.204, 'return_pct': -1.59}, '2022-2024': {'sharpe': -1.095, 'return_pct': -4.53}}"
BB-3.0_RSI3_40_hold3,1233,50.36,2.606,-2.811,-2.85,-0.26,-0.093,-0.042,-7.4,109.4,547.0,166,"{'2014-2017': {'sharpe': 0.399, 'return_pct': 4.47}, '2018-2021': {'sharpe': -0.215, 'return_pct': -2.37}, '2022-2024': {'sharpe': -1.16, 'return_pct': -4.57}}"
BB-3.0_RSI3_40_hold5,1231,53.21,3.094,-3.062,6.47,0.56,0.254,0.122,-8.15,109.2,546.0,166,"{'2014-2017': {'sharpe': 1.129, 'return_pct': 10.28}, '2018-2021': {'sharpe': 0.097, 'return_pct': 0.94}, '2022-2024': {'sharpe': -0.951, 'return_pct': -4.44}}"
SMAdev-1.0_RSI3_30_hold2,4514,53.01,2.731,-2.832,12.11,1.02,0.206,0.169,-21.88,399.6,1997.8,147,"{'2014-2017': {'sharpe': 0.2, 'return_pct': 1.15}, '2018-2021': {'sharpe': 0.181, 'return_pct': 4.9}, '2022-2024': {'sharpe': 0.351, 'return_pct': 5.3}}"
SMAdev-1.0_RSI3_30_hold3,3903,51.83,3.41,-3.457,7.9,0.68,0.138,0.085,-29.44,345.6,1728.0,147,"{'2014-2017': {'sharpe': 0.436, 'return_pct': 3.14}, '2018-2021': {'sharpe': -0.147, 'return_pct': -7.31}, '2022-2024': {'sharpe': 0.698, 'return_pct': 11.27}}"
SMAdev-1.0_RSI3_35_hold2,4761,52.89,2.707,-2.849,9.02,0.77,0.157,0.122,-24.47,421.4,2107.1,147,"{'2014-2017': {'sharpe': 0.255, 'return_pct': 1.53}, '2018-2021': {'sharpe': 0.121, 'return_pct': 2.84}, '2022-2024': {'sharpe': 0.28, 'return_pct': 4.23}}"
SMAdev-1.0_RSI3_35_hold3,4072,51.57,3.402,-3.537,1.51,0.13,0.055,0.033,-33.25,360.6,1802.8,147,"{'2014-2017': {'sharpe': 0.342, 'return_pct': 2.43}, '2018-2021': {'sharpe': -0.239, 'return_pct': -11.59}, '2022-2024': {'sharpe': 0.653, 'return_pct': 10.71}}"
SMAdev-1.5_RSI3_30_hold2,2616,52.41,2.893,-2.89,8.77,0.75,0.216,0.161,-14.17,231.6,1158.2,115,"{'2014-2017': {'sharpe': 0.095, 'return_pct': 0.44}, '2018-2021': {'sharpe': 0.257, 'return_pct': 5.31}, '2022-2024': {'sharpe': 0.198, 'return_pct': 1.81}}"
SMAdev-1.5_RSI3_30_hold3,2250,51.47,3.418,-3.658,-1.87,-0.17,-0.019,-0.01,-20.8,199.3,996.5,115,"{'2014-2017': {'sharpe': 0.042, 'return_pct': 0.17}, '2018-2021': {'sharpe': -0.311, 'return_pct': -8.08}, '2022-2024': {'sharpe': 0.454, 'return_pct': 4.86}}"
SMAdev-1.5_RSI3_35_hold2,2748,52.55,2.878,-2.902,8.84,0.75,0.214,0.16,-15.5,243.3,1216.6,115,"{'2014-2017': {'sharpe': 0.185, 'return_pct': 0.92}, '2018-2021': {'sharpe': 0.239, 'return_pct': 4.99}, '2022-2024': {'sharpe': 0.192, 'return_pct': 1.77}}"
SMAdev-1.5_RSI3_35_hold3,2340,51.92,3.42,-3.701,-1.21,-0.11,-0.004,-0.002,-21.23,207.3,1036.3,115,"{'2014-2017': {'sharpe': 0.061, 'return_pct': 0.26}, '2018-2021': {'sharpe': -0.265, 'return_pct': -7.24}, '2022-2024': {'sharpe': 0.449, 'return_pct': 4.82}}"
SMAdev-2.0_RSI3_30_hold2,1537,51.27,3.188,-3.023,6.01,0.52,0.216,0.128,-10.53,136.1,680.5,86,"{'2014-2017': {'sharpe': 0.208, 'return_pct': 0.69}, '2018-2021': {'sharpe': 0.172, 'return_pct': 2.33}, '2022-2024': {'sharpe': 0.384, 'return_pct': 2.61}}"
SMAdev-2.0_RSI3_30_hold3,1321,51.78,3.712,-3.756,3.35,0.29,0.126,0.067,-12.05,117.0,585.0,86,"{'2014-2017': {'sharpe': 0.318, 'return_pct': 1.23}, '2018-2021': {'sharpe': -0.083, 'return_pct': -1.44}, '2022-2024': {'sharpe': 0.334, 'return_pct': 2.54}}"
SMAdev-2.0_RSI3_35_hold2,1603,51.22,3.198,-3.021,6.37,0.55,0.214,0.135,-11.44,141.9,709.7,86,"{'2014-2017': {'sharpe': 0.145, 'return_pct': 0.47}, '2018-2021': {'sharpe': 0.209, 'return_pct': 3.15}, '2022-2024': {'sharpe': 0.343, 'return_pct': 2.35}}"
SMAdev-2.0_RSI3_35_hold3,1374,51.89,3.762,-3.784,4.17,0.36,0.143,0.077,-12.95,121.7,608.5,86,"{'2014-2017': {'sharpe': 0.331, 'return_pct': 1.3}, '2018-2021': {'sharpe': -0.014, 'return_pct': -0.55}, '2022-2024': {'sharpe': 0.302, 'return_pct': 2.36}}"
WR_-90_hold1,194516,47.98,1.125,-1.176,-98.63,-31.54,-0.849,-0.894,-98.61,17175.2,85876.0,166,"{'2014-2017': {'sharpe': -1.184, 'return_pct': -75.58}, '2018-2021': {'sharpe': -0.44, 'return_pct': -75.62}, '2022-2024': {'sharpe': -1.424, 'return_pct': -70.1}}"
WR_-90_hold2,130895,50.64,1.609,-1.659,-54.56,-6.73,-0.034,-0.035,-79.35,11561.7,57808.5,166,"{'2014-2017': {'sharpe': -0.331, 'return_pct': -47.49}, '2018-2021': {'sharpe': 0.508, 'return_pct': 63.53}, '2022-2024': {'sharpe': -0.645, 'return_pct': -47.41}}"
WR_-95_hold1,191389,47.9,1.118,-1.17,-98.59,-31.37,-0.904,-0.965,-98.56,16899.1,84495.5,166,"{'2014-2017': {'sharpe': -1.208, 'return_pct': -75.41}, '2018-2021': {'sharpe': -0.463, 'return_pct': -73.59}, '2022-2024': {'sharpe': -1.541, 'return_pct': -71.75}}"
WR_-95_hold2,128860,50.52,1.595,-1.653,-63.53,-8.52,-0.104,-0.108,-79.47,11382.0,56909.8,166,"{'2014-2017': {'sharpe': -0.357, 'return_pct': -48.15}, '2018-2021': {'sharpe': 0.364, 'return_pct': 30.73}, '2022-2024': {'sharpe': -0.642, 'return_pct': -46.3}}"
Stoch_10_hold1,194516,47.98,1.125,-1.176,-98.63,-31.54,-0.849,-0.894,-98.61,17175.2,85876.0,166,"{'2014-2017': {'sharpe': -1.184, 'return_pct': -75.58}, '2018-2021': {'sharpe': -0.44, 'return_pct': -75.62}, '2022-2024': {'sharpe': -1.424, 'return_pct': -70.1}}"
Stoch_10_hold2,130895,50.64,1.609,-1.659,-54.56,-6.73,-0.034,-0.035,-79.35,11561.7,57808.5,166,"{'2014-2017': {'sharpe': -0.331, 'return_pct': -47.49}, '2018-2021': {'sharpe': 0.508, 'return_pct': 63.53}, '2022-2024': {'sharpe': -0.645, 'return_pct': -47.41}}"
Stoch_10_hold3,98944,51.55,2.017,-2.044,38.23,2.9,0.272,0.286,-76.76,8742.6,43713.0,166,"{'2014-2017': {'sharpe': 0.345, 'return_pct': 24.27}, '2018-2021': {'sharpe': 0.458, 'return_pct': 53.51}, '2022-2024': {'sharpe': -0.264, 'return_pct': -26.39}}"
Stoch_15_hold1,197380,48.03,1.133,-1.181,-98.6,-31.4,-0.806,-0.847,-98.58,17428.1,87140.4,166,"{'2014-2017': {'sharpe': -1.207, 'return_pct': -76.67}, '2018-2021': {'sharpe': -0.359, 'return_pct': -72.96}, '2022-2024': {'sharpe': -1.384, 'return_pct': -71.11}}"
Stoch_15_hold2,132788,50.76,1.617,-1.666,-48.34,-5.67,0.007,0.007,-77.02,11728.9,58644.5,166,"{'2014-2017': {'sharpe': -0.282, 'return_pct': -44.68}, '2018-2021': {'sharpe': 0.534, 'return_pct': 71.26}, '2022-2024': {'sharpe': -0.587, 'return_pct': -46.0}}"
Stoch_15_hold3,100321,51.58,2.034,-2.05,53.2,3.84,0.3,0.315,-78.24,8864.3,44321.3,166,"{'2014-2017': {'sharpe': 0.322, 'return_pct': 20.59}, '2018-2021': {'sharpe': 0.474, 'return_pct': 57.49}, '2022-2024': {'sharpe': -0.118, 'return_pct': -18.4}}"
Stoch_20_hold1,200017,48.03,1.139,-1.187,-98.76,-32.14,-0.788,-0.823,-98.73,17660.9,88304.6,166,"{'2014-2017': {'sharpe': -1.218, 'return_pct': -77.38}, '2018-2021': {'sharpe': -0.351, 'return_pct': -75.13}, '2022-2024': {'sharpe': -1.352, 'return_pct': -71.35}}"
Stoch_20_hold2,134458,50.77,1.627,-1.672,-46.75,-5.41,0.024,0.025,-77.2,11876.4,59382.1,166,"{'2014-2017': {'sharpe': -0.27, 'return_pct': -44.23}, '2018-2021': {'sharpe': 0.517, 'return_pct': 67.67}, '2022-2024': {'sharpe': -0.507, 'return_pct': -43.81}}"
Stoch_20_hold3,101530,51.58,2.05,-2.058,56.31,4.03,0.311,0.325,-80.77,8971.1,44855.5,166,"{'2014-2017': {'sharpe': 0.288, 'return_pct': 15.09}, '2018-2021': {'sharpe': 0.481, 'return_pct': 57.48}, '2022-2024': {'sharpe': -0.031, 'return_pct': -12.91}}"
CCI_-200_hold2,6518,51.27,2.166,-2.228,1.94,0.17,0.059,0.045,-15.89,576.9,2884.7,166,"{'2014-2017': {'sharpe': 0.19, 'return_pct': 3.95}, '2018-2021': {'sharpe': 0.054, 'return_pct': 0.55}, '2022-2024': {'sharpe': -0.377, 'return_pct': -4.47}}"
CCI_-200_hold3,5963,52.47,2.685,-2.68,19.04,1.56,0.256,0.201,-14.0,528.0,2640.0,166,"{'2014-2017': {'sharpe': 0.486, 'return_pct': 11.88}, '2018-2021': {'sharpe': 0.33, 'return_pct': 11.12}, '2022-2024': {'sharpe': -0.538, 'return_pct': -6.67}}"
CCI_-150_hold2,16441,50.98,1.978,-2.146,-21.47,-2.12,-0.154,-0.134,-36.9,1455.3,7276.3,166,"{'2014-2017': {'sharpe': 0.175, 'return_pct': 4.72}, '2018-2021': {'sharpe': -0.241, 'return_pct': -14.9}, '2022-2024': {'sharpe': -0.632, 'return_pct': -14.45}}"
CCI_-150_hold3,14130,51.81,2.488,-2.707,-13.78,-1.3,-0.038,-0.03,-46.24,1251.1,6255.7,166,"{'2014-2017': {'sharpe': 0.283, 'return_pct': 8.89}, '2018-2021': {'sharpe': -0.14, 'return_pct': -15.35}, '2022-2024': {'sharpe': -0.496, 'return_pct': -11.68}}"
CCI_-100_hold2,33613,51.72,1.925,-2.07,-15.21,-1.45,-0.018,-0.018,-59.18,2975.2,14876.1,166,"{'2014-2017': {'sharpe': 0.452, 'return_pct': 19.57}, '2018-2021': {'sharpe': -0.206, 'return_pct': -21.19}, '2022-2024': {'sharpe': -0.257, 'return_pct': -12.46}}"
CCI_-100_hold3,27670,52.29,2.439,-2.533,33.43,2.59,0.235,0.223,-62.88,2450.0,12250.2,166,"{'2014-2017': {'sharpe': 0.702, 'return_pct': 36.27}, '2018-2021': {'sharpe': 0.022, 'return_pct': -8.72}, '2022-2024': {'sharpe': 0.008, 'return_pct': -2.31}}"
Down3_IBS0.25_hold2,16612,51.22,1.934,-1.921,17.33,1.42,0.186,0.167,-33.62,1461.7,7308.4,166,"{'2014-2017': {'sharpe': -0.069, 'return_pct': -5.37}, '2018-2021': {'sharpe': 0.271, 'return_pct': 10.14}, '2022-2024': {'sharpe': 0.31, 'return_pct': 8.11}}"
Down3_IBS0.3_hold2,18443,51.16,1.905,-1.904,14.84,1.22,0.166,0.155,-36.46,1622.8,8113.9,166,"{'2014-2017': {'sharpe': -0.063, 'return_pct': -5.28}, '2018-2021': {'sharpe': 0.211, 'return_pct': 7.36}, '2022-2024': {'sharpe': 0.272, 'return_pct': 7.1}}"
Down4_IBS0.25_hold2,7784,51.82,2.023,-1.938,20.93,1.69,0.254,0.221,-14.54,685.1,3425.7,166,"{'2014-2017': {'sharpe': 0.075, 'return_pct': 1.08}, '2018-2021': {'sharpe': 0.32, 'return_pct': 10.94}, '2022-2024': {'sharpe': 0.338, 'return_pct': 5.77}}"
Down4_IBS0.3_hold2,8621,52.0,1.998,-1.92,24.5,1.95,0.284,0.252,-14.56,758.8,3794.1,166,"{'2014-2017': {'sharpe': 0.002, 'return_pct': -1.0}, '2018-2021': {'sharpe': 0.388, 'return_pct': 14.42}, '2022-2024': {'sharpe': 0.415, 'return_pct': 7.41}}"
Down5_IBS0.25_hold2,3709,54.65,2.197,-1.845,37.78,2.86,0.528,0.762,-5.16,326.6,1632.9,166,"{'2014-2017': {'sharpe': 0.464, 'return_pct': 14.22}, '2018-2021': {'sharpe': 0.604, 'return_pct': 9.07}, '2022-2024': {'sharpe': 0.827, 'return_pct': 9.66}}"
Down5_IBS0.3_hold2,4096,54.79,2.19,-1.855,42.25,3.15,0.569,0.795,-5.69,360.7,1803.3,166,"{'2014-2017': {'sharpe': 0.524, 'return_pct': 16.33}, '2018-2021': {'sharpe': 0.571, 'return_pct': 9.2}, '2022-2024': {'sharpe': 0.844, 'return_pct': 10.8}}"
MFI_15_hold2,1613,55.49,2.221,-2.281,8.91,0.76,0.394,0.287,-5.52,142.5,712.4,166,"{'2014-2017': {'sharpe': 0.601, 'return_pct': 2.82}, '2018-2021': {'sharpe': 0.317, 'return_pct': 3.13}, '2022-2024': {'sharpe': 0.363, 'return_pct': 2.24}}"
MFI_15_hold3,1397,56.41,2.722,-2.881,9.94,0.84,0.389,0.216,-8.27,123.4,617.2,166,"{'2014-2017': {'sharpe': 0.367, 'return_pct': 1.75}, '2018-2021': {'sharpe': 0.25, 'return_pct': 2.91}, '2022-2024': {'sharpe': 0.625, 'return_pct': 3.94}}"
MFI_20_hold2,4147,53.34,2.22,-2.196,17.05,1.4,0.384,0.378,-13.98,366.3,1831.5,166,"{'2014-2017': {'sharpe': 0.603, 'return_pct': 5.51}, '2018-2021': {'sharpe': 0.085, 'return_pct': 1.13}, '2022-2024': {'sharpe': 0.614, 'return_pct': 8.78}}"
MFI_20_hold3,3600,54.83,2.753,-2.835,21.47,1.73,0.405,0.279,-20.4,318.1,1590.5,166,"{'2014-2017': {'sharpe': 0.988, 'return_pct': 10.02}, '2018-2021': {'sharpe': 0.064, 'return_pct': 0.83}, '2022-2024': {'sharpe': 0.636, 'return_pct': 8.29}}"
MFI_25_hold2,8854,52.69,2.076,-2.131,18.38,1.5,0.278,0.29,-23.84,782.1,3910.3,166,"{'2014-2017': {'sharpe': 0.575, 'return_pct': 7.46}, '2018-2021': {'sharpe': 0.203, 'return_pct': 5.25}, '2022-2024': {'sharpe': 0.209, 'return_pct': 3.65}}"
MFI_25_hold3,7489,53.96,2.633,-2.646,42.1,3.15,0.474,0.432,-30.03,661.7,3308.6,166,"{'2014-2017': {'sharpe': 0.874, 'return_pct': 14.2}, '2018-2021': {'sharpe': 0.295, 'return_pct': 10.29}, '2022-2024': {'sharpe': 0.599, 'return_pct': 11.54}}"
RSI14_20_RSI3_35_hold3,3916,54.98,2.685,-3.096,6.32,0.54,0.123,0.072,-27.25,346.0,1730.1,166,"{'2014-2017': {'sharpe': 0.87, 'return_pct': 12.67}, '2018-2021': {'sharpe': -0.288, 'return_pct': -10.43}, '2022-2024': {'sharpe': 0.305, 'return_pct': 3.69}}"
RSI14_20_RSI3_40_hold3,4042,55.17,2.704,-3.071,10.03,0.85,0.172,0.102,-27.53,357.1,1785.7,166,"{'2014-2017': {'sharpe': 0.954, 'return_pct': 14.53}, '2018-2021': {'sharpe': -0.316, 'return_pct': -11.59}, '2022-2024': {'sharpe': 0.523, 'return_pct': 7.12}}"
RSI14_25_RSI3_35_hold3,7339,53.56,2.632,-2.849,12.71,1.06,0.17,0.119,-39.72,648.5,3242.3,166,"{'2014-2017': {'sharpe': 1.177, 'return_pct': 26.87}, '2018-2021': {'sharpe': -0.309, 'return_pct': -16.29}, '2022-2024': {'sharpe': 0.181, 'return_pct': 2.79}}"
RSI14_25_RSI3_40_hold3,7613,53.88,2.631,-2.826,19.33,1.57,0.23,0.169,-38.91,672.7,3363.4,166,"{'2014-2017': {'sharpe': 1.16, 'return_pct': 26.69}, '2018-2021': {'sharpe': -0.301, 'return_pct': -15.71}, '2022-2024': {'sharpe': 0.436, 'return_pct': 8.09}}"
RSI14_30_RSI3_35_hold3,12267,53.31,2.565,-2.695,29.55,2.31,0.259,0.197,-50.05,1083.9,5419.5,166,"{'2014-2017': {'sharpe': 1.194, 'return_pct': 35.24}, '2018-2021': {'sharpe': -0.194, 'return_pct': -17.13}, '2022-2024': {'sharpe': 0.51, 'return_pct': 12.81}}"
RSI14_30_RSI3_40_hold3,12800,53.48,2.561,-2.69,35.3,2.71,0.292,0.23,-50.06,1131.0,5655.0,166,"{'2014-2017': {'sharpe': 1.207, 'return_pct': 36.53}, '2018-2021': {'sharpe': -0.176, 'return_pct': -15.92}, '2022-2024': {'sharpe': 0.587, 'return_pct': 15.66}}"
Triple_IBS15_RSI3_25_BB2,6674,52.95,2.148,-2.285,7.06,0.61,0.115,0.093,-16.97,590.7,2953.7,166,"{'2014-2017': {'sharpe': 0.076, 'return_pct': 1.01}, '2018-2021': {'sharpe': 0.072, 'return_pct': 1.08}, '2022-2024': {'sharpe': 0.245, 'return_pct': 3.76}}"
Triple_IBS20_RSI3_30_SMA15,1639,53.87,3.087,-2.873,14.16,1.18,0.378,0.259,-9.04,145.1,725.6,111,"{'2014-2017': {'sharpe': -0.196, 'return_pct': -0.89}, '2018-2021': {'sharpe': 0.342, 'return_pct': 6.21}, '2022-2024': {'sharpe': 0.87, 'return_pct': 8.26}}"
