n_bets,n_wins,n_losses,win_rate,profit_factor,avg_win,avg_loss,ev_per_bet,total_pnl,bets_per_day,bets_per_year,avg_bars_held,n_years,symbol,timeframe,rsi_period,oversold,overbought,pt_sl,pt_mult,sl_mult
58,27,31,46.6,1.44,2391.49,-1445.37,340.75,19763.74,0.02,8.0,3.8,7.7,NQ,60min,5,5,95,1.5:1,1.5,1.0
58,33,25,56.9,1.45,1572.89,-1436.16,275.89,16001.41,0.02,8.0,2.8,7.7,NQ,60min,5,5,95,1:1,1.0,1.0
58,21,37,36.2,1.25,3225.04,-1459.97,236.33,13707.13,0.02,8.0,5.0,7.7,NQ,60min,5,5,95,2:1,2.0,1.0
65,25,40,38.5,1.41,1496.13,-665.22,166.06,10794.21,0.02,8.0,5.6,7.8,CL,60min,5,5,95,2:1,2.0,1.0
67,27,40,40.3,1.33,1501.7,-761.1,150.78,10101.98,0.02,9.0,2.0,7.7,NQ,60min,5,5,95,1:0.5,1.0,0.5
1940,681,1259,35.1,1.13,3373.98,-1614.2,136.8,265401.36,0.67,243.0,5.3,8.0,NQ,60min,3,30,70,2:1,2.0,1.0
1862,648,1214,34.8,1.13,3395.12,-1609.16,132.39,246519.09,0.64,233.0,5.4,8.0,NQ,60min,2,20,80,2:1,2.0,1.0
2049,724,1325,35.3,1.12,3347.15,-1638.75,122.98,251988.17,0.7,256.0,5.3,8.0,NQ,60min,2,30,70,2:1,2.0,1.0
1586,556,1030,35.1,1.11,3373.32,-1633.13,121.97,193440.83,0.54,199.0,5.3,8.0,NQ,60min,3,20,80,2:1,2.0,1.0
65,29,36,44.6,1.28,1076.72,-679.76,103.9,6753.5,0.02,8.0,4.0,7.8,CL,60min,5,5,95,1.5:1,1.5,1.0
1787,618,1169,34.6,1.09,3341.02,-1621.45,94.73,169275.51,0.61,224.0,5.3,8.0,NQ,60min,3,25,75,2:1,2.0,1.0
3064,1083,1981,35.3,1.12,2392.27,-1170.24,88.96,272585.24,1.05,383.0,5.6,8.0,NQ,30min,2,15,85,2:1,2.0,1.0
2123,871,1252,41.0,1.09,2545.7,-1623.01,87.28,185294.2,0.73,266.0,4.4,8.0,NQ,60min,2,20,80,1.5:1,1.5,1.0
1494,578,916,38.7,1.2,1324.01,-693.49,87.04,130040.46,0.51,187.0,5.3,8.0,CL,60min,5,25,75,2:1,2.0,1.0
1425,547,878,38.4,1.2,1321.01,-686.53,84.08,119817.5,0.49,179.0,5.1,8.0,CL,60min,3,15,85,2:1,2.0,1.0
1752,728,1024,41.6,1.09,2503.91,-1637.57,83.32,145972.41,0.6,219.0,4.3,8.0,NQ,60min,3,20,80,1.5:1,1.5,1.0
1970,681,1289,34.6,1.08,3338.68,-1639.52,81.37,160292.64,0.68,247.0,5.4,8.0,NQ,60min,2,25,75,2:1,2.0,1.0
68,26,42,38.2,1.38,740.26,-333.0,77.36,5260.77,0.02,9.0,1.9,7.8,CL,60min,5,5,95,1:0.5,1.0,0.5
3312,1164,2148,35.1,1.1,2394.92,-1178.74,77.22,255751.94,1.14,414.0,5.6,8.0,NQ,30min,2,20,80,2:1,2.0,1.0
1664,675,989,40.6,1.08,2545.35,-1608.76,76.35,127044.35,0.57,208.0,4.3,8.0,NQ,60min,2,10,90,1.5:1,1.5,1.0
1659,570,1089,34.4,1.07,3325.15,-1624.54,76.08,126213.96,0.57,208.0,5.4,8.0,NQ,60min,5,30,70,2:1,2.0,1.0
1505,515,990,34.2,1.07,3347.45,-1629.29,73.71,110937.71,0.52,188.0,5.3,8.0,NQ,60min,2,10,90,2:1,2.0,1.0
1406,579,827,41.2,1.08,2464.42,-1600.48,73.47,103304.54,0.48,176.0,4.4,8.0,NQ,60min,3,15,85,1.5:1,1.5,1.0
2679,935,1744,34.9,1.1,2390.49,-1169.46,73.0,195569.46,0.92,335.0,5.5,8.0,NQ,30min,2,10,90,2:1,2.0,1.0
66,36,30,54.5,1.23,704.17,-686.03,72.26,4769.26,0.02,8.0,2.6,7.8,CL,60min,5,5,95,1:1,1.0,1.0
2347,962,1385,41.0,1.08,2505.72,-1618.45,71.98,168943.09,0.8,294.0,4.5,8.0,NQ,60min,2,30,70,1.5:1,1.5,1.0
1089,416,673,38.2,1.16,1308.55,-694.47,70.68,76975.96,0.37,136.0,5.1,8.0,CL,60min,5,20,80,2:1,2.0,1.0
3191,1108,2083,34.7,1.09,2401.36,-1170.78,69.56,221959.97,1.09,399.0,5.6,8.0,NQ,30min,3,25,75,2:1,2.0,1.0
1820,750,1070,41.2,1.07,2475.32,-1619.54,67.9,123575.68,0.62,228.0,4.3,8.0,NQ,60min,5,30,70,1.5:1,1.5,1.0
1782,664,1118,37.3,1.16,1348.7,-693.22,67.63,120521.37,0.61,223.0,5.3,8.0,CL,60min,2,15,85,2:1,2.0,1.0
1918,659,1259,34.4,1.09,2416.66,-1162.82,67.05,128596.84,0.66,240.0,5.4,8.0,NQ,30min,2,5,95,2:1,2.0,1.0
1684,586,1098,34.8,1.11,1971.34,-950.02,66.56,112080.56,0.58,211.0,5.4,8.0,ES,60min,5,30,70,2:1,2.0,1.0
3472,1198,2274,34.5,1.09,2413.44,-1170.18,66.34,230321.3,1.19,434.0,5.7,8.0,NQ,30min,2,25,75,2:1,2.0,1.0
1012,383,629,37.8,1.15,1303.09,-692.27,62.89,63646.94,0.35,127.0,5.1,8.0,CL,60min,3,10,90,2:1,2.0,1.0
1599,565,1034,35.3,1.1,1936.24,-962.91,61.5,98333.17,0.55,200.0,5.4,8.0,ES,60min,3,20,80,2:1,2.0,1.0
1116,495,621,44.4,1.16,996.7,-684.33,61.29,68398.19,0.38,140.0,4.2,8.0,CL,60min,5,20,80,1.5:1,1.5,1.0
1948,669,1279,34.3,1.14,1477.34,-680.31,60.69,118230.63,0.67,244.0,5.5,8.0,ES,30min,2,5,95,2:1,2.0,1.0
605,208,397,34.4,1.14,1383.92,-633.91,59.82,36192.0,0.21,76.0,5.6,8.0,ES,30min,5,10,90,2:1,2.0,1.0
1858,687,1171,37.0,1.13,1326.05,-686.46,57.67,107156.77,0.64,233.0,5.3,8.0,CL,60min,3,25,75,2:1,2.0,1.0
1687,625,1062,37.0,1.13,1328.17,-691.86,56.52,95353.73,0.58,211.0,5.1,8.0,CL,60min,3,20,80,2:1,2.0,1.0
1862,647,1215,34.7,1.09,1969.02,-962.21,56.32,104875.51,0.64,233.0,5.3,8.0,ES,60min,2,20,80,2:1,2.0,1.0
288,125,163,43.4,1.15,996.45,-664.98,56.12,16163.41,0.1,36.0,4.3,8.0,CL,60min,5,10,90,1.5:1,1.5,1.0
2252,917,1335,40.7,1.06,2511.18,-1632.08,55.03,123918.3,0.77,282.0,4.4,8.0,NQ,60min,2,25,75,1.5:1,1.5,1.0
2818,949,1869,33.7,1.07,2443.73,-1157.99,54.94,154822.91,0.97,353.0,5.6,8.0,NQ,30min,3,20,80,2:1,2.0,1.0
2349,793,1556,33.8,1.07,2430.72,-1155.97,54.86,128869.24,0.81,294.0,5.5,8.0,NQ,30min,3,15,85,2:1,2.0,1.0
1998,813,1185,40.7,1.06,2508.81,-1628.94,54.74,109365.81,0.68,250.0,4.3,8.0,NQ,60min,3,25,75,1.5:1,1.5,1.0
1906,692,1214,36.3,1.12,1353.8,-686.92,54.0,102915.26,0.65,239.0,5.3,8.0,CL,60min,2,20,80,2:1,2.0,1.0
1797,629,1168,35.0,1.09,1935.9,-959.73,53.82,96710.23,0.62,225.0,5.3,8.0,ES,60min,3,25,75,2:1,2.0,1.0
1720,605,1115,35.2,1.08,1958.91,-981.82,52.57,90412.11,0.59,215.0,5.4,8.0,ES,60min,2,15,85,2:1,2.0,1.0
1375,466,909,33.9,1.05,3268.8,-1597.38,51.81,71242.5,0.47,173.0,5.3,8.0,NQ,60min,5,25,75,2:1,2.0,1.0
2040,705,1335,34.6,1.08,1970.38,-963.51,50.41,102837.43,0.7,255.0,5.3,8.0,ES,60min,2,30,70,2:1,2.0,1.0
2384,814,1570,34.1,1.11,1452.38,-676.52,50.38,120108.78,0.82,298.0,5.5,8.0,ES,30min,3,15,85,2:1,2.0,1.0
1308,444,864,33.9,1.05,3303.77,-1621.93,50.1,65527.13,0.45,164.0,5.5,8.0,NQ,60min,3,15,85,2:1,2.0,1.0
1569,690,879,44.0,1.13,994.44,-692.51,49.36,77441.89,0.54,197.0,4.3,8.0,CL,60min,5,25,75,1.5:1,1.5,1.0
3000,1015,1985,33.8,1.06,2401.32,-1154.63,48.47,145403.57,1.03,375.0,5.6,8.0,NQ,30min,5,30,70,2:1,2.0,1.0
2863,1451,1412,50.7,1.06,1677.85,-1626.22,48.32,138338.06,0.98,358.0,3.3,8.0,NQ,60min,2,30,70,1:1,1.0,1.0
673,285,388,42.3,1.12,1019.86,-667.3,47.17,31746.34,0.23,84.0,4.1,8.0,CL,60min,5,15,85,1.5:1,1.5,1.0
2710,1384,1326,51.1,1.06,1661.84,-1638.97,46.76,126707.57,0.93,339.0,3.3,8.0,NQ,60min,2,25,75,1:1,1.0,1.0
3119,1131,1988,36.3,1.15,960.94,-474.38,46.09,143755.81,1.07,390.0,5.5,8.0,CL,30min,2,15,85,2:1,2.0,1.0
1189,429,760,36.1,1.1,1334.65,-682.02,45.61,54231.67,0.41,149.0,5.0,8.0,CL,60min,2,5,95,2:1,2.0,1.0
2116,872,1244,41.2,1.08,1483.23,-962.92,45.13,95497.47,0.73,265.0,4.4,8.0,ES,60min,2,20,80,1.5:1,1.5,1.0
2927,1200,1727,41.0,1.06,1782.53,-1164.34,43.81,128221.51,1.0,366.0,4.5,8.0,NQ,30min,2,10,90,1.5:1,1.5,1.0
1574,572,1002,36.3,1.1,1331.35,-691.44,43.65,68703.89,0.54,197.0,5.2,8.0,CL,60min,2,10,90,2:1,2.0,1.0
1731,590,1141,34.1,1.04,3289.92,-1636.14,42.88,74217.76,0.59,217.0,5.3,8.0,NQ,60min,2,15,85,2:1,2.0,1.0
1927,668,1259,34.7,1.07,1949.24,-968.91,42.68,82238.12,0.66,241.0,5.3,8.0,ES,60min,3,30,70,2:1,2.0,1.0
2003,726,1277,36.2,1.1,1322.66,-685.65,42.27,84669.41,0.69,251.0,5.3,8.0,CL,60min,2,25,75,2:1,2.0,1.0
1507,652,855,43.3,1.11,987.64,-679.59,41.74,62894.94,0.52,189.0,4.2,8.0,CL,60min,3,15,85,1.5:1,1.5,1.0
2854,978,1876,34.3,1.09,1427.0,-681.3,41.17,117494.99,0.98,357.0,5.5,8.0,ES,30min,3,20,80,2:1,2.0,1.0
3376,1210,2166,35.8,1.13,955.9,-470.56,40.7,137411.83,1.16,422.0,5.6,8.0,CL,30min,2,20,80,2:1,2.0,1.0
3580,1216,2364,34.0,1.09,1450.41,-685.43,40.04,143333.79,1.23,448.0,5.7,8.0,ES,30min,2,30,70,2:1,2.0,1.0
2940,1071,1869,36.4,1.13,951.84,-483.04,39.67,116617.43,1.01,368.0,5.6,8.0,CL,30min,3,20,80,2:1,2.0,1.0
3555,1275,2280,35.9,1.13,958.31,-474.83,39.17,139233.07,1.22,445.0,5.6,8.0,CL,30min,2,25,75,2:1,2.0,1.0
3475,1185,2290,34.1,1.09,1445.12,-689.13,38.66,134348.04,1.19,435.0,5.7,8.0,ES,30min,2,25,75,2:1,2.0,1.0
122,40,82,32.8,1.1,1325.4,-589.22,38.52,4700.05,0.04,15.0,5.1,8.0,ES,30min,5,5,95,2:1,2.0,1.0
2473,853,1620,34.5,1.09,1407.79,-682.63,38.41,94994.2,0.85,309.0,5.6,8.0,ES,30min,5,25,75,2:1,2.0,1.0
665,242,423,36.4,1.09,1295.21,-681.19,38.04,25298.5,0.23,83.0,5.0,8.0,CL,60min,5,15,85,2:1,2.0,1.0
1771,646,1125,36.5,1.09,1306.99,-691.32,37.6,66584.47,0.61,222.0,5.3,8.0,CL,60min,5,30,70,2:1,2.0,1.0
3015,1030,1985,34.2,1.08,1430.38,-685.26,37.5,113050.64,1.03,377.0,5.6,8.0,ES,30min,5,30,70,2:1,2.0,1.0
1809,732,1077,40.5,1.07,1476.38,-940.52,37.47,67775.21,0.62,226.0,4.5,8.0,ES,60min,5,30,70,1.5:1,1.5,1.0
1966,677,1289,34.4,1.06,1954.47,-969.75,37.22,73165.15,0.67,246.0,5.4,8.0,ES,60min,2,25,75,2:1,2.0,1.0
3584,1216,2368,33.9,1.05,2389.8,-1171.17,37.02,132669.31,1.23,448.0,5.7,8.0,NQ,30min,2,30,70,2:1,2.0,1.0
2204,886,1318,40.2,1.04,2521.22,-1633.02,36.97,81482.67,0.76,276.0,4.4,8.0,NQ,60min,3,30,70,1.5:1,1.5,1.0
2699,927,1772,34.3,1.08,1413.97,-683.59,36.84,99424.06,0.93,338.0,5.4,8.0,ES,30min,2,10,90,2:1,2.0,1.0
2254,928,1326,41.2,1.06,1474.05,-969.02,36.82,82995.62,0.77,282.0,4.4,8.0,ES,60min,2,25,75,1.5:1,1.5,1.0
1035,446,589,43.1,1.09,991.22,-686.16,36.66,37938.64,0.36,130.0,4.2,8.0,CL,60min,3,10,90,1.5:1,1.5,1.0
3427,1163,2264,33.9,1.05,2385.93,-1171.05,36.06,123589.01,1.17,429.0,5.6,8.0,NQ,30min,3,30,70,2:1,2.0,1.0
1735,708,1027,40.8,1.06,1479.38,-960.44,35.18,61032.39,0.59,217.0,4.4,8.0,ES,60min,3,20,80,1.5:1,1.5,1.0
3908,1355,2553,34.7,1.07,1648.64,-821.29,35.1,137155.16,1.34,489.0,2.1,8.0,NQ,60min,2,30,70,1:0.5,1.0,0.5
288,101,187,35.1,1.08,1326.29,-665.42,33.06,9521.63,0.1,36.0,5.6,8.0,CL,60min,5,10,90,2:1,2.0,1.0
3517,1254,2263,35.7,1.11,949.08,-475.38,32.52,114365.01,1.21,440.0,5.6,8.0,CL,30min,3,30,70,2:1,2.0,1.0
1672,556,1116,33.3,1.07,1446.21,-673.03,31.69,52990.59,0.57,209.0,5.5,8.0,ES,30min,3,10,90,2:1,2.0,1.0
3409,1168,2241,34.3,1.07,1418.3,-691.61,31.29,106667.89,1.17,427.0,5.7,8.0,ES,30min,3,30,70,2:1,2.0,1.0
3051,1045,2006,34.3,1.07,1413.97,-689.3,31.09,94868.79,1.05,382.0,5.6,8.0,ES,30min,2,15,85,2:1,2.0,1.0
1453,587,866,40.4,1.03,2430.99,-1596.14,30.79,44736.38,0.5,182.0,4.2,8.0,NQ,60min,5,25,75,1.5:1,1.5,1.0
2745,968,1777,35.3,1.1,966.62,-479.41,30.52,83778.36,0.94,343.0,5.6,8.0,CL,30min,2,10,90,2:1,2.0,1.0
3156,1136,2020,36.0,1.1,936.48,-480.13,29.78,93981.69,1.08,395.0,5.6,8.0,CL,30min,5,30,70,2:1,2.0,1.0
1133,457,676,40.3,1.03,2408.13,-1579.15,29.13,33006.77,0.39,142.0,4.3,8.0,NQ,60min,2,5,95,1.5:1,1.5,1.0
2004,715,1289,35.7,1.07,1325.29,-689.98,29.04,58198.03,0.69,251.0,5.3,8.0,CL,60min,3,30,70,2:1,2.0,1.0
3286,1167,2119,35.5,1.09,946.85,-476.49,29.0,95283.69,1.13,411.0,5.6,8.0,CL,30min,3,25,75,2:1,2.0,1.0
3695,1314,2381,35.6,1.09,944.42,-476.79,28.62,105748.36,1.27,462.0,5.6,8.0,CL,30min,2,30,70,2:1,2.0,1.0
2502,1261,1241,50.4,1.04,1659.4,-1628.71,28.49,71275.09,0.86,313.0,3.3,8.0,NQ,60min,2,20,80,1:1,1.0,1.0
3179,1077,2102,33.9,1.06,1429.82,-689.85,28.26,89846.42,1.09,398.0,5.6,8.0,ES,30min,3,25,75,2:1,2.0,1.0
1952,784,1168,40.2,1.03,2506.59,-1635.45,28.16,54959.73,0.67,244.0,4.3,8.0,NQ,60min,2,15,85,1.5:1,1.5,1.0
3271,1110,2161,33.9,1.06,1428.23,-691.53,27.8,90930.01,1.12,409.0,5.7,8.0,ES,30min,2,20,80,2:1,2.0,1.0
2577,1290,1287,50.1,1.03,1676.36,-1624.7,27.75,71516.87,0.88,322.0,3.3,8.0,NQ,60min,3,30,70,1:1,1.0,1.0
122,50,72,41.0,1.08,937.84,-604.36,27.69,3378.18,0.04,15.0,4.4,8.0,ES,30min,5,5,95,1.5:1,1.5,1.0
649,234,415,36.1,1.08,972.74,-505.95,27.2,17652.1,0.22,81.0,5.6,8.0,CL,30min,5,10,90,2:1,2.0,1.0
1425,520,905,36.5,1.12,673.32,-344.13,27.15,38685.36,0.49,179.0,2.1,8.0,CL,60min,5,20,80,1:0.5,1.0,0.5
3273,1122,2151,34.3,1.05,1649.17,-819.43,26.82,87769.02,1.12,410.0,2.1,8.0,NQ,60min,2,20,80,1:0.5,1.0,0.5
2459,881,1578,35.8,1.08,942.38,-485.39,26.15,64292.53,0.84,308.0,5.7,8.0,CL,30min,3,15,85,2:1,2.0,1.0
2624,944,1680,36.0,1.08,937.89,-487.02,25.6,67179.6,0.9,328.0,5.6,8.0,CL,30min,5,25,75,2:1,2.0,1.0
2033,860,1173,42.3,1.06,993.92,-684.77,25.35,51535.34,0.7,254.0,4.2,8.0,CL,60min,2,15,85,1.5:1,1.5,1.0
1997,808,1189,40.5,1.04,1476.05,-960.71,25.22,50366.12,0.68,250.0,4.4,8.0,ES,60min,3,25,75,1.5:1,1.5,1.0
2605,909,1696,34.9,1.08,955.3,-473.58,25.02,65167.0,0.89,326.0,2.1,8.0,ES,60min,5,30,70,1:0.5,1.0,0.5
2084,768,1316,36.9,1.11,661.94,-347.39,24.57,51202.89,0.72,261.0,2.1,8.0,CL,60min,5,25,75,1:0.5,1.0,0.5
3881,1347,2534,34.7,1.08,974.64,-480.73,24.39,94674.01,1.33,485.0,2.1,8.0,ES,60min,2,30,70,1:0.5,1.0,0.5
3620,1240,2380,34.3,1.04,1646.76,-821.11,24.24,87749.61,1.24,453.0,2.1,8.0,NQ,60min,2,25,75,1:0.5,1.0,0.5
1501,512,989,34.1,1.04,1927.49,-961.91,23.68,35550.58,0.51,188.0,5.4,8.0,ES,60min,2,10,90,2:1,2.0,1.0
123,63,60,51.2,1.08,619.36,-602.77,23.2,2853.31,0.04,15.0,3.1,8.0,ES,30min,5,5,95,1:1,1.0,1.0
1841,607,1234,33.0,1.05,1428.96,-669.45,22.42,41274.97,0.63,230.0,5.6,8.0,ES,30min,5,20,80,2:1,2.0,1.0
2072,747,1325,36.1,1.05,1300.19,-698.23,22.24,46083.09,0.71,259.0,5.3,8.0,CL,60min,2,30,70,2:1,2.0,1.0
2187,891,1296,40.7,1.04,1461.43,-967.3,22.18,48512.21,0.75,274.0,4.4,8.0,ES,60min,3,30,70,1.5:1,1.5,1.0
2697,987,1710,36.6,1.1,652.85,-342.75,21.6,58262.01,0.92,337.0,2.1,8.0,CL,60min,5,30,70,1:0.5,1.0,0.5
2241,759,1482,33.9,1.04,1653.96,-815.01,21.2,47512.83,0.77,280.0,2.1,8.0,NQ,60min,2,10,90,1:0.5,1.0,0.5
2046,814,1232,39.8,1.05,1079.53,-678.13,21.15,43279.29,0.7,256.0,4.5,8.0,ES,30min,2,5,95,1.5:1,1.5,1.0
1928,818,1110,42.4,1.05,979.68,-685.63,20.92,40327.27,0.66,241.0,4.3,8.0,CL,60min,5,30,70,1.5:1,1.5,1.0
607,235,372,38.7,1.05,1043.8,-625.47,20.79,12618.16,0.21,76.0,4.8,8.0,ES,30min,5,10,90,1.5:1,1.5,1.0
2461,819,1642,33.3,1.03,2377.19,-1155.22,20.34,50051.19,0.84,308.0,5.6,8.0,NQ,30min,5,25,75,2:1,2.0,1.0
293,148,145,50.5,1.06,677.29,-650.66,20.11,5892.56,0.1,37.0,3.2,8.0,CL,60min,5,10,90,1:1,1.0,1.0
431,149,282,34.6,1.05,1317.01,-665.25,20.03,8632.76,0.15,54.0,4.8,8.0,CL,60min,3,5,95,2:1,2.0,1.0
1659,546,1113,32.9,1.03,2396.81,-1145.97,20.01,33190.74,0.57,208.0,5.5,8.0,NQ,30min,3,10,90,2:1,2.0,1.0
2015,800,1215,39.7,1.03,1809.15,-1158.4,19.79,39867.43,0.69,252.0,4.4,8.0,NQ,30min,2,5,95,1.5:1,1.5,1.0
2416,820,1596,33.9,1.04,1640.03,-812.9,19.63,47436.58,0.83,302.0,2.1,8.0,NQ,60min,3,20,80,1:0.5,1.0,0.5
1816,614,1202,33.8,1.04,1622.64,-799.36,19.53,35475.15,0.62,227.0,2.1,8.0,NQ,60min,3,15,85,1:0.5,1.0,0.5
1936,978,958,50.5,1.04,970.96,-951.97,19.43,37612.08,0.66,242.0,3.3,8.0,ES,60min,3,20,80,1:1,1.0,1.0
1909,652,1257,34.2,1.06,957.22,-467.09,19.36,36966.99,0.65,239.0,2.1,8.0,ES,60min,5,25,75,1:0.5,1.0,0.5
1016,331,685,32.6,1.02,3292.89,-1563.12,18.91,19209.97,0.35,127.0,5.3,8.0,NQ,60min,5,20,80,2:1,2.0,1.0
2230,928,1302,41.6,1.05,995.02,-677.21,18.68,41649.86,0.76,279.0,4.2,8.0,CL,60min,2,20,80,1.5:1,1.5,1.0
1936,785,1151,40.5,1.03,1479.37,-977.9,18.46,35747.35,0.66,242.0,4.4,8.0,ES,60min,2,15,85,1.5:1,1.5,1.0
1166,609,557,52.2,1.06,664.23,-687.73,18.39,21447.83,0.4,146.0,3.1,8.0,CL,60min,5,20,80,1:1,1.0,1.0
1344,465,879,34.6,1.06,980.89,-490.85,18.35,24658.31,0.46,168.0,5.7,8.0,CL,30min,5,15,85,2:1,2.0,1.0
2964,1008,1956,34.0,1.03,1637.8,-816.32,18.28,54177.56,1.02,371.0,2.1,8.0,NQ,60min,3,25,75,1:0.5,1.0,0.5
1241,515,726,41.5,1.05,1000.34,-678.81,18.02,22357.11,0.43,155.0,4.2,8.0,CL,60min,2,5,95,1.5:1,1.5,1.0
3515,1467,2048,41.7,1.06,706.42,-475.32,17.88,62865.29,1.2,440.0,4.5,8.0,CL,30min,2,15,85,1.5:1,1.5,1.0
1979,670,1309,33.9,1.03,1602.02,-793.04,17.82,35269.28,0.68,248.0,2.0,8.0,NQ,60min,5,25,75,1:0.5,1.0,0.5
2346,946,1400,40.3,1.03,1471.0,-964.31,17.7,41532.78,0.8,294.0,4.4,8.0,ES,60min,2,30,70,1.5:1,1.5,1.0
1309,438,871,33.5,1.06,965.61,-459.11,17.61,23055.12,0.45,164.0,2.1,8.0,ES,60min,5,20,80,1:0.5,1.0,0.5
3462,1245,2217,36.0,1.08,649.69,-338.4,16.94,58638.37,1.19,433.0,2.1,8.0,CL,60min,3,30,70,1:0.5,1.0,0.5
3858,1378,2480,35.7,1.08,655.97,-338.42,16.76,64651.41,1.32,483.0,2.1,8.0,CL,60min,2,30,70,1:0.5,1.0,0.5
2416,836,1580,34.6,1.05,959.55,-482.13,16.73,40427.74,0.83,302.0,2.1,8.0,ES,60min,3,20,80,1:0.5,1.0,0.5
1376,457,919,33.2,1.03,1615.6,-778.39,16.71,22986.11,0.47,172.0,2.0,8.0,NQ,60min,5,20,80,1:0.5,1.0,0.5
2313,968,1345,41.9,1.04,985.35,-680.67,16.57,38319.84,0.79,290.0,4.2,8.0,CL,60min,3,30,70,1.5:1,1.5,1.0
2103,874,1229,41.6,1.04,989.31,-675.46,16.41,34514.06,0.72,263.0,4.2,8.0,CL,60min,3,25,75,1.5:1,1.5,1.0
3591,1279,2312,35.6,1.08,656.42,-337.72,16.36,58760.33,1.23,449.0,2.1,8.0,CL,60min,2,25,75,1:0.5,1.0,0.5
3229,1348,1881,41.7,1.06,707.32,-479.04,16.23,52398.39,1.11,404.0,4.6,8.0,CL,30min,3,20,80,1.5:1,1.5,1.0
1948,696,1252,35.7,1.07,659.73,-341.57,16.18,31526.34,0.67,244.0,2.0,8.0,CL,60min,3,15,85,1:0.5,1.0,0.5
2851,989,1862,34.7,1.05,962.8,-486.65,16.16,46070.49,0.98,357.0,2.1,8.0,ES,60min,2,15,85,1:0.5,1.0,0.5
1773,600,1173,33.8,1.05,963.89,-468.63,16.15,28635.63,0.61,222.0,2.1,8.0,ES,60min,3,15,85,1:0.5,1.0,0.5
3420,1159,2261,33.9,1.03,1643.97,-818.57,15.96,54579.61,1.17,428.0,2.1,8.0,NQ,60min,3,30,70,1:0.5,1.0,0.5
3006,1082,1924,36.0,1.07,647.34,-339.41,15.77,47407.76,1.03,376.0,2.1,8.0,CL,60min,3,25,75,1:0.5,1.0,0.5
3419,1172,2247,34.3,1.05,970.54,-482.29,15.73,53768.76,1.17,428.0,2.1,8.0,ES,60min,3,30,70,1:0.5,1.0,0.5
1726,679,1047,39.3,1.04,1072.39,-669.95,15.47,26709.33,0.59,216.0,4.5,8.0,ES,30min,3,10,90,1.5:1,1.5,1.0
756,261,495,34.5,1.09,516.57,-248.99,15.31,11577.04,0.26,95.0,2.1,8.0,CL,30min,5,10,90,1:0.5,1.0,0.5
880,304,576,34.5,1.05,975.64,-491.73,15.18,13356.29,0.3,110.0,5.5,8.0,CL,30min,3,5,95,2:1,2.0,1.0
1846,610,1236,33.0,1.02,2357.39,-1141.03,15.0,27693.04,0.63,231.0,5.4,8.0,NQ,30min,5,20,80,2:1,2.0,1.0
3441,1381,2060,40.1,1.02,1777.99,-1167.07,14.89,51241.22,1.18,430.0,4.6,8.0,NQ,30min,2,15,85,1.5:1,1.5,1.0
6308,2166,4142,34.3,1.05,982.98,-491.35,14.89,93954.99,2.16,789.0,6.4,8.0,ES,15min,2,25,75,2:1,2.0,1.0
1264,450,814,35.6,1.07,666.69,-345.45,14.88,18812.74,0.43,158.0,2.1,8.0,CL,60min,3,10,90,1:0.5,1.0,0.5
1664,588,1076,35.3,1.09,490.57,-245.28,14.74,24532.39,0.57,208.0,2.1,8.0,CL,30min,5,15,85,1:0.5,1.0,0.5
1062,351,711,33.1,1.01,3243.01,-1580.12,13.97,14831.94,0.37,133.0,5.4,8.0,NQ,60min,2,5,95,2:1,2.0,1.0
2489,981,1508,39.4,1.02,1813.33,-1157.24,13.57,33767.03,0.85,311.0,4.5,8.0,NQ,30min,3,15,85,1.5:1,1.5,1.0
2247,777,1470,34.6,1.04,952.61,-482.86,13.52,30378.62,0.77,281.0,2.1,8.0,ES,60min,2,10,90,1:0.5,1.0,0.5
3278,1163,2115,35.5,1.06,652.89,-338.57,13.19,43227.99,1.12,410.0,2.1,8.0,CL,60min,2,20,80,1:0.5,1.0,0.5
2498,1258,1240,50.4,1.03,968.44,-955.97,13.17,32901.52,0.86,313.0,3.3,8.0,ES,60min,2,20,80,1:1,1.0,1.0
142,48,94,33.8,1.02,2019.64,-1011.53,13.09,1859.3,0.05,18.0,4.3,8.0,NQ,30min,5,5,95,2:1,2.0,1.0
2281,1128,1153,49.5,1.02,1674.45,-1612.76,12.83,29263.11,0.78,285.0,3.3,8.0,NQ,60min,3,25,75,1:1,1.0,1.0
831,287,544,34.5,1.06,682.54,-340.58,12.77,10610.26,0.29,104.0,2.0,8.0,CL,60min,5,15,85,1:0.5,1.0,0.5
3644,1248,2396,34.2,1.04,966.34,-484.09,12.65,46107.87,1.25,456.0,2.1,8.0,ES,60min,2,25,75,1:0.5,1.0,0.5
5584,1841,3743,33.0,1.02,1713.11,-824.15,12.36,69038.6,1.91,698.0,6.5,8.0,NQ,15min,2,15,85,2:1,2.0,1.0
1846,763,1083,41.3,1.03,997.72,-681.88,12.34,22779.47,0.63,231.0,4.2,8.0,CL,60min,3,20,80,1.5:1,1.5,1.0
3414,1186,2228,34.7,1.06,633.7,-318.81,12.08,41257.03,1.17,427.0,5.4,8.0,CL,15min,3,10,90,2:1,2.0,1.0
653,275,378,42.1,1.04,726.52,-507.99,11.91,7774.06,0.22,82.0,4.5,8.0,CL,30min,5,10,90,1.5:1,1.5,1.0
4082,1674,2408,41.0,1.04,709.77,-473.27,11.89,48524.23,1.4,511.0,4.6,8.0,CL,30min,2,25,75,1.5:1,1.5,1.0
2890,1023,1867,35.4,1.05,652.29,-339.49,11.58,33463.5,0.99,362.0,2.1,8.0,CL,60min,2,15,85,1:0.5,1.0,0.5
3272,1296,1976,39.6,1.02,1792.17,-1156.34,11.53,37729.34,1.12,409.0,4.6,8.0,NQ,30min,5,30,70,1.5:1,1.5,1.0
6397,2234,4163,34.9,1.08,466.31,-232.62,11.46,73317.37,2.19,800.0,2.2,8.0,CL,30min,2,25,75,1:0.5,1.0,0.5
3267,1125,2142,34.4,1.04,954.94,-484.25,11.34,37045.1,1.12,409.0,2.1,8.0,ES,60min,2,20,80,1:0.5,1.0,0.5
2346,968,1378,41.3,1.03,989.21,-676.74,10.66,25016.26,0.8,294.0,4.2,8.0,CL,60min,2,25,75,1.5:1,1.5,1.0
1529,537,992,35.1,1.05,664.96,-343.56,10.64,16271.6,0.52,192.0,2.0,8.0,CL,60min,2,5,95,1:0.5,1.0,0.5
2045,712,1333,34.8,1.03,934.57,-483.08,10.5,21466.93,0.7,256.0,5.6,8.0,CL,30min,2,5,95,2:1,2.0,1.0
3053,1261,1792,41.3,1.04,703.62,-477.92,10.1,30835.84,1.05,382.0,4.5,8.0,CL,30min,2,10,90,1.5:1,1.5,1.0
1836,902,934,49.1,1.01,1684.68,-1607.34,9.98,18330.83,0.63,230.0,3.3,8.0,NQ,60min,2,10,90,1:1,1.0,1.0
6031,2049,3982,34.0,1.03,982.65,-490.64,9.9,59703.65,2.07,754.0,6.4,8.0,ES,15min,2,20,80,2:1,2.0,1.0
1740,718,1022,41.3,1.02,990.21,-678.98,9.8,17053.5,0.6,218.0,4.2,8.0,CL,60min,2,10,90,1.5:1,1.5,1.0
2503,886,1617,35.4,1.04,652.57,-342.45,9.76,24427.63,0.86,313.0,2.1,8.0,CL,60min,3,20,80,1:0.5,1.0,0.5
1911,942,969,49.3,1.01,1677.45,-1611.49,9.75,18624.4,0.66,240.0,3.3,8.0,NQ,60min,3,20,80,1:1,1.0,1.0
5059,1731,3328,34.2,1.05,651.9,-324.28,9.73,49219.67,1.73,633.0,6.1,8.0,CL,15min,2,10,90,2:1,2.0,1.0
661,332,329,50.2,1.04,510.18,-495.56,9.6,6343.33,0.23,83.0,3.3,8.0,CL,30min,5,10,90,1:1,1.0,1.0
6856,2380,4476,34.7,1.06,464.84,-232.5,9.57,65623.83,2.35,858.0,2.2,8.0,CL,30min,2,30,70,1:0.5,1.0,0.5
3836,1568,2268,40.9,1.03,706.11,-472.1,9.5,36451.19,1.31,480.0,4.6,8.0,CL,30min,2,20,80,1.5:1,1.5,1.0
5824,2029,3795,34.8,1.06,464.69,-234.33,9.19,53546.03,2.0,728.0,2.2,8.0,CL,30min,2,20,80,1:0.5,1.0,0.5
3405,1405,2000,41.3,1.03,703.07,-478.3,9.17,31213.79,1.17,426.0,4.6,8.0,CL,30min,5,30,70,1.5:1,1.5,1.0
3778,1523,2255,40.3,1.01,1768.84,-1179.88,8.82,33311.91,1.29,473.0,4.6,8.0,NQ,30min,2,20,80,1.5:1,1.5,1.0
6105,2118,3987,34.7,1.06,465.52,-234.22,8.54,52129.86,2.09,764.0,2.2,8.0,CL,30min,3,30,70,1:0.5,1.0,0.5
3665,1495,2170,40.8,1.03,707.39,-473.4,8.26,30268.14,1.26,458.0,4.5,8.0,CL,30min,3,25,75,1.5:1,1.5,1.0
5066,1771,3295,35.0,1.05,462.6,-236.07,8.17,41408.54,1.74,634.0,2.2,8.0,CL,30min,2,15,85,1:0.5,1.0,0.5
3074,1215,1859,39.5,1.01,1798.36,-1162.07,8.04,24709.06,1.05,385.0,4.6,8.0,NQ,30min,3,20,80,1.5:1,1.5,1.0
2319,806,1513,34.8,1.04,658.78,-338.67,8.01,18564.74,0.8,290.0,2.1,8.0,CL,60min,2,10,90,1:0.5,1.0,0.5
6794,2335,4459,34.4,1.04,648.04,-327.72,7.64,51890.46,2.33,850.0,6.2,8.0,CL,15min,2,30,70,2:1,2.0,1.0
2000,689,1311,34.4,1.02,951.33,-488.37,7.61,15216.43,0.69,250.0,5.7,8.0,CL,30min,5,20,80,2:1,2.0,1.0
5591,1871,3720,33.5,1.02,992.27,-488.28,7.18,40136.58,1.92,699.0,6.4,8.0,ES,15min,2,15,85,2:1,2.0,1.0
2591,1038,1553,40.1,1.02,1040.51,-683.71,7.04,18249.97,0.89,324.0,4.6,8.0,ES,30min,5,25,75,1.5:1,1.5,1.0
2843,956,1887,33.6,1.01,1639.35,-820.12,6.91,19646.49,0.97,356.0,2.1,8.0,NQ,60min,2,15,85,1:0.5,1.0,0.5
3812,1310,2502,34.4,1.03,634.92,-321.98,6.86,26144.09,1.31,477.0,5.4,8.0,CL,15min,5,20,80,2:1,2.0,1.0
2515,992,1523,39.4,1.02,1059.94,-679.45,6.63,16668.95,0.86,315.0,4.5,8.0,ES,30min,3,15,85,1.5:1,1.5,1.0
290,95,195,32.8,1.01,1789.31,-862.15,6.43,1865.11,0.1,36.0,5.5,8.0,ES,60min,5,10,90,2:1,2.0,1.0
433,175,258,40.4,1.02,994.47,-663.82,6.39,2765.34,0.15,54.0,4.0,8.0,CL,60min,3,5,95,1.5:1,1.5,1.0
6030,2054,3976,34.1,1.03,649.38,-325.87,6.33,38178.43,2.07,754.0,6.1,8.0,CL,15min,3,25,75,2:1,2.0,1.0
7062,2866,4196,40.6,1.02,728.87,-487.52,6.13,43308.19,2.42,883.0,5.2,8.0,ES,15min,2,20,80,1.5:1,1.5,1.0
1044,408,636,39.1,1.01,2441.16,-1556.0,6.1,6372.6,0.36,131.0,4.3,8.0,NQ,60min,5,20,80,1.5:1,1.5,1.0
5736,1970,3766,34.3,1.03,645.98,-328.77,6.0,34439.4,1.97,717.0,6.2,8.0,CL,15min,2,15,85,2:1,2.0,1.0
339,114,225,33.6,1.02,872.84,-433.38,5.88,1993.01,0.12,43.0,2.0,8.0,ES,60min,5,10,90,1:0.5,1.0,0.5
5305,1838,3467,34.6,1.04,462.8,-236.41,5.85,31012.71,1.82,664.0,2.2,8.0,CL,30min,3,25,75,1:0.5,1.0,0.5
6199,2134,4065,34.4,1.03,644.54,-329.53,5.79,35920.67,2.12,775.0,6.2,8.0,CL,15min,2,20,80,2:1,2.0,1.0
350,139,211,39.7,1.03,560.14,-359.43,5.77,2019.64,0.12,44.0,4.3,8.0,CL,15min,5,5,95,1.5:1,1.5,1.0
6479,2237,4242,34.5,1.03,641.0,-329.33,5.7,36906.96,2.22,810.0,6.2,8.0,CL,15min,3,30,70,2:1,2.0,1.0
4563,1550,3013,34.0,1.03,645.16,-323.3,5.68,25904.13,1.56,571.0,5.9,8.0,CL,15min,3,15,85,2:1,2.0,1.0
7444,3017,4427,40.5,1.02,729.35,-487.66,5.59,41580.55,2.55,931.0,5.2,8.0,ES,15min,2,25,75,1.5:1,1.5,1.0
3271,1296,1975,39.6,1.01,1053.67,-682.44,5.42,17738.49,1.12,409.0,4.6,8.0,ES,30min,5,30,70,1.5:1,1.5,1.0
2976,1015,1961,34.1,1.02,950.23,-483.8,5.29,15752.19,1.02,372.0,2.1,8.0,ES,60min,3,25,75,1:0.5,1.0,0.5
10057,3472,6585,34.5,1.04,355.96,-179.62,5.28,53093.16,3.45,1258.0,6.7,8.0,CL,5min,2,5,95,2:1,2.0,1.0
4100,1420,2680,34.6,1.03,462.94,-237.43,5.14,21064.64,1.41,513.0,2.2,8.0,CL,30min,2,10,90,1:0.5,1.0,0.5
1120,567,553,50.6,1.05,195.08,-189.9,4.99,5593.71,0.38,140.0,2.4,8.0,CL,5min,5,5,95,1:1,1.0,1.0
1111,457,654,41.1,1.04,287.94,-192.88,4.9,5447.26,0.38,139.0,3.6,8.0,CL,5min,5,5,95,1.5:1,1.5,1.0
2591,887,1704,34.2,1.02,634.49,-323.01,4.78,12395.33,0.89,324.0,5.4,8.0,CL,15min,5,15,85,2:1,2.0,1.0
4015,1607,2408,40.0,1.01,1783.6,-1182.82,4.48,18000.11,1.38,502.0,4.7,8.0,NQ,30min,2,25,75,1.5:1,1.5,1.0
1107,382,725,34.5,1.03,379.96,-193.53,4.37,4836.01,0.38,139.0,4.8,8.0,CL,5min,5,5,95,2:1,2.0,1.0
4382,1510,2872,34.5,1.03,464.96,-238.27,4.06,17780.3,1.5,548.0,2.2,8.0,CL,30min,3,20,80,1:0.5,1.0,0.5
637,253,384,39.7,1.01,1391.12,-909.95,3.98,2532.39,0.22,80.0,4.3,8.0,ES,60min,5,15,85,1.5:1,1.5,1.0
5791,1986,3805,34.3,1.02,636.93,-326.64,3.81,22083.19,1.98,724.0,6.0,8.0,CL,15min,5,30,70,2:1,2.0,1.0
499,165,334,33.1,1.02,673.25,-327.02,3.73,1861.03,0.17,63.0,2.0,8.0,CL,60min,3,5,95,1:0.5,1.0,0.5
2634,1085,1549,41.2,1.01,701.56,-485.16,3.68,9681.1,0.9,329.0,4.6,8.0,CL,30min,3,15,85,1.5:1,1.5,1.0
6515,2217,4298,34.0,1.02,646.69,-328.52,3.33,21727.07,2.23,815.0,6.2,8.0,CL,15min,2,25,75,2:1,2.0,1.0
58,20,38,34.5,1.01,877.77,-457.09,3.2,185.79,0.02,7.0,1.8,8.0,ES,60min,5,5,95,1:0.5,1.0,0.5
1338,448,890,33.5,1.0,1896.31,-949.9,3.09,4134.84,0.46,167.0,5.5,8.0,ES,60min,5,25,75,2:1,2.0,1.0
3784,1285,2499,34.0,1.01,635.07,-322.04,2.99,11304.31,1.3,473.0,5.7,8.0,CL,15min,2,5,95,2:1,2.0,1.0
7798,3148,4650,40.4,1.01,727.48,-487.51,2.97,23179.56,2.67,975.0,5.2,8.0,ES,15min,2,30,70,1.5:1,1.5,1.0
4830,1683,3147,34.8,1.02,459.56,-241.37,2.87,13852.71,1.66,604.0,2.2,8.0,CL,30min,5,30,70,1:0.5,1.0,0.5
5839,1957,3882,33.5,1.01,979.67,-489.57,2.86,16693.46,2.0,730.0,6.3,8.0,ES,15min,3,25,75,2:1,2.0,1.0
7476,3036,4440,40.6,1.01,482.94,-325.48,2.82,21071.47,2.56,935.0,5.0,8.0,CL,15min,3,30,70,1.5:1,1.5,1.0
1675,859,816,51.3,1.01,662.82,-691.96,2.82,4723.21,0.58,210.0,3.2,8.0,CL,60min,5,25,75,1:1,1.0,1.0
5846,1935,3911,33.1,1.0,1683.96,-829.12,2.7,15798.76,2.0,732.0,6.3,8.0,NQ,15min,3,25,75,2:1,2.0,1.0
12208,4200,8008,34.4,1.02,352.81,-181.2,2.52,30722.49,4.18,1527.0,6.6,8.0,CL,5min,3,15,85,2:1,2.0,1.0
3103,1227,1876,39.5,1.01,1050.59,-683.33,2.3,7149.77,1.06,388.0,4.6,8.0,ES,30min,3,20,80,1.5:1,1.5,1.0
6294,2105,4189,33.4,1.01,981.29,-489.66,2.29,14412.96,2.16,787.0,6.3,8.0,ES,15min,3,30,70,2:1,2.0,1.0
294,144,150,49.0,1.0,1548.03,-1481.76,2.22,652.24,0.1,37.0,3.0,7.9,NQ,60min,5,10,90,1:1,1.0,1.0
2431,999,1432,41.1,1.01,983.77,-682.68,2.13,5189.9,0.83,304.0,4.3,8.0,CL,60min,2,30,70,1.5:1,1.5,1.0
354,178,176,50.3,1.01,363.36,-363.3,2.08,736.6,0.12,44.0,2.8,8.0,CL,15min,5,5,95,1:1,1.0,1.0
2606,867,1739,33.3,1.0,1621.04,-805.11,2.05,5350.97,0.89,326.0,2.1,8.0,NQ,60min,5,30,70,1:0.5,1.0,0.5
8669,2937,5732,33.9,1.02,351.58,-177.14,1.98,17192.24,2.97,1084.0,6.2,8.0,CL,5min,3,10,90,2:1,2.0,1.0
6546,2206,4340,33.7,1.01,978.37,-494.48,1.87,12219.47,2.24,819.0,6.4,8.0,ES,15min,2,30,70,2:1,2.0,1.0
1793,622,1171,34.7,1.01,931.17,-491.84,1.81,3239.7,0.61,224.0,5.5,8.0,CL,30min,3,10,90,2:1,2.0,1.0
5434,1828,3606,33.6,1.01,645.13,-324.85,1.45,7900.74,1.86,680.0,6.0,8.0,CL,15min,3,20,80,2:1,2.0,1.0
2938,1157,1781,39.4,1.0,1054.03,-682.86,1.14,3337.34,1.01,368.0,4.5,8.0,ES,30min,2,10,90,1.5:1,1.5,1.0
6309,2142,4167,34.0,1.01,351.94,-179.22,1.12,7057.53,2.16,789.0,5.7,8.0,CL,5min,5,15,85,2:1,2.0,1.0
2026,1005,1021,49.6,1.0,960.87,-943.86,0.99,1997.19,0.69,254.0,3.3,8.0,ES,60min,5,30,70,1:1,1.0,1.0
1567,774,793,49.4,1.0,1624.39,-1583.53,0.98,1533.94,0.54,197.0,3.2,8.0,NQ,60min,5,25,75,1:1,1.0,1.0
6433,2568,3865,39.9,1.0,733.5,-485.73,0.98,6273.74,2.2,805.0,5.2,8.0,ES,15min,2,15,85,1.5:1,1.5,1.0
10921,4422,6499,40.5,1.01,263.2,-177.67,0.84,9202.33,3.74,1366.0,5.1,8.0,CL,5min,2,5,95,1.5:1,1.5,1.0
3542,1417,2125,40.0,1.0,1765.62,-1176.01,0.81,2855.19,1.21,443.0,4.7,8.0,NQ,30min,3,25,75,1.5:1,1.5,1.0
55,19,36,34.5,1.0,1705.42,-899.02,0.69,38.07,0.02,7.0,4.6,8.0,ES,60min,5,5,95,2:1,2.0,1.0
3388,1170,2218,34.5,1.0,462.92,-243.22,0.63,2141.99,1.16,424.0,2.1,8.0,CL,30min,3,15,85,1:0.5,1.0,0.5
6296,2079,4217,33.0,1.0,1682.83,-829.17,0.32,1999.83,2.16,788.0,6.3,8.0,NQ,15min,3,30,70,2:1,2.0,1.0
4878,1650,3228,33.8,1.0,635.0,-324.1,0.32,1551.91,1.67,610.0,5.8,8.0,CL,15min,5,25,75,2:1,2.0,1.0
14912,5048,9864,33.9,1.0,547.63,-279.88,0.25,3716.94,5.11,1865.0,6.8,8.0,ES,5min,3,20,80,2:1,2.0,1.0
9617,4827,4790,50.2,1.0,173.08,-173.95,0.24,2260.73,3.29,1203.0,3.2,8.0,CL,5min,3,10,90,1:1,1.0,1.0
2686,1332,1354,49.6,1.0,973.53,-957.41,0.16,418.33,0.92,336.0,3.4,8.0,ES,60min,2,25,75,1:1,1.0,1.0
11916,5974,5942,50.1,1.0,173.81,-174.71,0.02,198.54,4.08,1490.0,3.5,8.0,CL,5min,2,5,95,1:1,1.0,1.0
