n_bets,n_wins,n_losses,win_rate,profit_factor,avg_win,avg_loss,ev_per_bet,total_pnl,bets_per_day,bets_per_year,avg_bars_held,n_years,setup,pt_sl
56,21,35,37.5,1.36,3143.31,-1383.13,314.28,17599.9,0.02,8.0,5.7,7.3,"NQ/Boll-MR(14,3.0)/60min",2:1
719,286,433,39.8,1.25,3291.49,-1737.87,262.68,188865.81,0.25,90.0,5.5,8.0,"NQ/Kelt-BO(30,2.0)/60min",2:1
100,41,59,41.0,1.21,2919.36,-1670.47,211.36,21136.07,0.03,13.0,5.3,7.9,"NQ/Boll-MR(20,3.0)/60min",2:1
338,125,213,37.0,1.2,3310.2,-1619.86,203.39,68745.2,0.12,43.0,5.0,7.9,"NQ/Boll-MR(20,2.5)/60min",2:1
518,195,323,37.6,1.19,3259.52,-1647.81,199.54,103362.2,0.18,65.0,5.7,8.0,"NQ/Kelt-BO(14,2.0)/60min",2:1
949,433,516,45.6,1.3,1816.9,-1174.62,190.32,180609.42,0.33,119.0,5.0,8.0,"NQ/Kelt-BO(14,2.0)/30min",1.5:1
883,346,537,39.2,1.26,2354.98,-1205.41,189.71,167517.13,0.3,111.0,6.4,8.0,"NQ/Kelt-BO(14,2.0)/30min",2:1
920,372,548,40.4,1.37,1619.42,-804.21,175.78,161717.64,0.32,115.0,6.1,8.0,"NQ/Kelt-BO(14,2.5)/15min",2:1
57,26,31,45.6,1.21,2160.35,-1496.29,171.65,9784.05,0.02,8.0,4.5,7.3,"NQ/Boll-MR(14,3.0)/60min",1.5:1
483,192,291,39.8,1.23,2265.96,-1211.04,171.12,82650.7,0.17,61.0,6.7,8.0,"NQ/Kelt-BO(14,2.5)/30min",2:1
1432,498,934,34.8,1.16,3449.93,-1585.68,165.53,237043.87,0.49,180.0,5.2,8.0,"NQ/Boll-MR(14,1.5)/60min",2:1
514,241,273,46.9,1.23,1698.21,-1213.9,151.5,77872.03,0.18,64.0,5.2,8.0,"NQ/Kelt-BO(14,2.5)/30min",1.5:1
263,100,163,38.0,1.15,3067.59,-1640.11,149.89,39420.56,0.09,33.0,6.1,8.0,"NQ/Kelt-BO(14,2.5)/60min",2:1
277,126,151,45.5,1.16,2297.35,-1646.22,147.6,40886.16,0.1,35.0,4.8,8.0,"NQ/Kelt-BO(14,2.5)/60min",1.5:1
432,160,272,37.0,1.14,3220.25,-1663.01,145.61,62902.09,0.15,54.0,5.6,8.0,"NQ/Kelt-BO(20,2.5)/60min",2:1
839,313,526,37.3,1.13,3347.53,-1768.88,139.86,117344.53,0.29,105.0,5.5,8.0,"NQ/Kelt-BO(30,1.5)/60min",2:1
400,185,215,46.2,1.36,1095.09,-692.59,134.21,53685.71,0.14,50.0,4.3,8.0,"CL/Kelt-MR(14,2.5)/60min",1.5:1
1118,429,689,38.4,1.17,2342.03,-1242.27,133.1,148808.63,0.38,140.0,6.0,8.0,"NQ/Kelt-BO(20,2.0)/30min",2:1
693,276,417,39.8,1.31,1416.46,-716.44,133.02,92184.7,0.24,87.0,5.4,8.0,"CL/Kelt-MR(20,2.5)/60min",2:1
559,316,243,56.5,1.25,1160.19,-1209.86,129.92,72625.39,0.19,70.0,3.7,8.0,"NQ/Kelt-BO(14,2.5)/30min",1:1
1206,424,782,35.2,1.18,2437.46,-1121.65,129.64,156349.9,0.41,151.0,3.9,8.0,NQ/VWAP-2.0σ/30min,2:1
425,180,245,42.4,1.47,947.39,-472.39,128.93,54793.93,0.15,53.0,4.4,8.0,CL/VWAP-2.5σ/30min,2:1
581,226,355,38.9,1.12,3123.48,-1777.65,128.81,74840.61,0.2,73.0,5.4,8.0,"NQ/Kelt-BO(30,2.5)/60min",2:1
853,311,542,36.5,1.12,3240.7,-1657.71,128.23,109376.91,0.29,107.0,5.3,8.0,"NQ/Kelt-BO(14,1.5)/60min",2:1
541,252,289,46.6,1.24,1400.47,-981.74,127.9,69195.15,0.19,68.0,4.7,8.0,"ES/Kelt-BO(14,2.0)/60min",1.5:1
510,199,311,39.0,1.21,1860.34,-983.13,126.38,64452.21,0.18,64.0,6.2,8.0,"ES/Kelt-BO(14,2.0)/60min",2:1
916,394,522,43.0,1.14,2452.89,-1630.74,125.76,115191.94,0.31,115.0,4.2,8.0,"NQ/Kelt-BO(14,1.5)/60min",1.5:1
801,317,484,39.6,1.3,1382.33,-697.54,125.58,100588.61,0.27,100.0,5.3,8.0,"CL/Kelt-MR(14,2.0)/60min",2:1
771,342,429,44.4,1.13,2470.73,-1744.78,125.14,96480.19,0.27,97.0,4.3,8.0,"NQ/Kelt-BO(30,2.0)/60min",1.5:1
829,368,461,44.4,1.19,1764.57,-1186.88,123.29,102211.06,0.28,104.0,5.0,8.0,"NQ/Kelt-BO(20,2.5)/30min",1.5:1
1200,455,745,37.9,1.16,2371.48,-1250.53,122.81,147374.64,0.41,151.0,6.2,8.0,"NQ/Kelt-BO(30,2.0)/30min",2:1
271,100,171,36.9,1.21,1909.1,-922.82,122.17,33106.79,0.09,34.0,5.7,8.0,"ES/Kelt-BO(14,2.5)/60min",2:1
847,340,507,40.1,1.45,973.74,-450.13,121.44,102855.59,0.29,106.0,4.6,8.0,CL/VWAP-2.0σ/30min,2:1
600,333,267,55.5,1.29,962.47,-933.76,118.65,71187.32,0.21,75.0,3.4,8.0,"ES/Kelt-BO(14,2.0)/60min",1:1
679,248,431,36.5,1.11,3237.14,-1677.09,117.8,79983.03,0.23,85.0,5.3,8.0,"NQ/Kelt-BO(20,2.0)/60min",2:1
865,331,534,38.3,1.19,1928.45,-1004.56,117.78,101879.93,0.3,109.0,5.6,8.0,"ES/Kelt-BO(20,1.5)/60min",2:1
342,147,195,43.0,1.13,2435.69,-1630.86,117.04,40028.59,0.12,43.0,3.9,7.9,"NQ/Boll-MR(20,2.5)/60min",1.5:1
456,211,245,46.3,1.22,1376.15,-969.3,115.98,52888.38,0.16,57.0,4.7,8.0,"ES/Kelt-BO(20,2.5)/60min",1.5:1
824,384,440,46.6,1.31,1044.77,-695.51,115.49,95166.39,0.28,103.0,4.3,8.0,"CL/Kelt-MR(14,2.0)/60min",1.5:1
852,325,527,38.1,1.18,1951.98,-1018.11,114.85,97850.09,0.29,107.0,5.5,8.0,"ES/Kelt-BO(30,1.5)/60min",2:1
720,338,382,46.9,1.3,1061.51,-723.33,114.55,82478.71,0.25,90.0,4.3,8.0,"CL/Kelt-MR(20,2.5)/60min",1.5:1
782,273,509,34.9,1.11,3222.34,-1552.54,114.4,89457.44,0.27,98.0,5.0,8.0,"NQ/Boll-MR(14,2.0)/60min",2:1
895,484,411,54.1,1.21,1197.92,-1164.7,112.96,101101.93,0.31,112.0,3.5,8.0,"NQ/Kelt-BO(20,2.5)/30min",1:1
559,237,322,42.4,1.12,2455.32,-1612.23,112.29,62772.71,0.19,70.0,4.4,8.0,"NQ/Kelt-BO(14,2.0)/60min",1.5:1
1392,509,883,36.6,1.14,2407.27,-1213.57,110.43,153717.51,0.48,175.0,6.1,8.0,"NQ/Kelt-BO(14,1.5)/30min",2:1
774,288,486,37.2,1.15,2333.97,-1207.74,110.11,85221.74,0.27,97.0,6.4,8.0,"NQ/Kelt-BO(20,2.5)/30min",2:1
1617,555,1062,34.3,1.14,2497.35,-1139.94,108.48,175409.3,0.55,202.0,4.2,8.0,NQ/VWAP-1.5σ/30min,2:1
1243,507,736,40.8,1.39,939.57,-466.07,107.27,133331.13,0.43,156.0,4.9,8.0,CL/VWAP-1.5σ/30min,2:1
1676,579,1097,34.5,1.1,3383.47,-1622.95,106.6,178653.97,0.57,210.0,5.5,8.0,NQ/IBS(0.15/0.85)/60min,2:1
905,330,575,36.5,1.1,3241.26,-1692.54,106.52,96403.79,0.31,114.0,5.3,8.0,"NQ/Kelt-BO(20,1.5)/60min",2:1
985,441,544,44.8,1.24,1229.45,-804.11,106.35,104753.11,0.34,123.0,4.7,8.0,"NQ/Kelt-BO(14,2.5)/15min",1.5:1
1049,568,481,54.1,1.19,1196.0,-1186.54,103.53,108602.81,0.36,131.0,3.6,8.0,"NQ/Kelt-BO(14,2.0)/30min",1:1
427,163,264,38.2,1.17,1832.69,-968.5,100.81,43046.16,0.15,54.0,6.3,8.0,"ES/Kelt-BO(20,2.5)/60min",2:1
656,249,407,38.0,1.16,1907.96,-1005.54,100.34,65825.97,0.23,82.0,5.5,8.0,"ES/Kelt-BO(20,2.0)/60min",2:1
1544,634,910,41.1,1.11,2519.79,-1587.7,98.93,152741.17,0.53,194.0,4.3,8.0,"NQ/Boll-MR(14,1.5)/60min",1.5:1
608,204,404,33.6,1.09,3354.96,-1548.25,96.91,58919.99,0.21,76.0,5.5,8.0,"NQ/Kelt-MR(20,2.5)/60min",2:1
963,360,603,37.4,1.21,1442.17,-711.54,93.58,90120.56,0.33,121.0,5.5,8.0,"CL/Kelt-MR(30,2.5)/60min",2:1
869,317,552,36.5,1.22,1392.61,-653.69,92.77,80618.67,0.3,109.0,5.4,8.0,"CL/Kelt-BO(30,1.5)/60min",2:1
1197,526,671,43.9,1.13,1779.79,-1232.25,91.34,109331.66,0.41,150.0,4.7,8.0,"NQ/Kelt-BO(20,2.0)/30min",1.5:1
720,306,414,42.5,1.1,2462.2,-1661.63,91.0,65521.75,0.25,90.0,4.3,8.0,"NQ/Kelt-BO(20,2.0)/60min",1.5:1
811,337,474,41.6,1.09,2389.6,-1552.72,85.45,69303.51,0.28,102.0,4.0,8.0,"NQ/Boll-MR(14,2.0)/60min",1.5:1
1082,405,677,37.4,1.19,1400.35,-702.25,84.77,91717.09,0.37,136.0,5.4,8.0,"CL/Kelt-MR(20,2.0)/60min",2:1
1049,572,477,54.5,1.23,818.57,-796.18,84.31,88444.96,0.36,131.0,3.3,8.0,"NQ/Kelt-BO(14,2.5)/15min",1:1
1450,541,909,37.3,1.16,1598.04,-817.84,83.53,121121.07,0.5,181.0,6.0,8.0,"NQ/Kelt-BO(20,2.5)/15min",2:1
980,396,584,40.4,1.09,2515.49,-1566.52,82.95,81289.68,0.34,123.0,4.4,8.0,"NQ/Kelt-MR(30,2.5)/60min",1.5:1
1421,540,881,38.0,1.2,1332.97,-683.68,82.68,117485.9,0.49,178.0,5.3,8.0,CL/IBS(0.1/0.9)/60min,2:1
1029,454,575,44.1,1.2,1085.74,-712.64,80.81,83156.96,0.35,129.0,4.4,8.0,"CL/Kelt-MR(30,2.5)/60min",1.5:1
923,309,614,33.5,1.07,3373.15,-1579.58,78.49,72444.56,0.32,116.0,5.4,8.0,"NQ/Kelt-MR(30,2.5)/60min",2:1
348,182,166,52.3,1.1,1636.91,-1631.88,77.66,27024.91,0.12,44.0,2.9,7.9,"NQ/Boll-MR(20,2.5)/60min",1:1
1278,558,720,43.7,1.11,1780.73,-1242.24,77.65,99234.95,0.44,160.0,4.8,8.0,"NQ/Kelt-BO(30,2.0)/30min",1.5:1
1933,787,1146,40.7,1.08,2561.13,-1628.37,77.34,149494.09,0.66,242.0,4.4,8.0,NQ/IBS(0.15/0.85)/60min,1.5:1
427,197,230,46.1,1.3,713.4,-468.8,76.62,32715.09,0.15,53.0,3.8,8.0,CL/VWAP-2.5σ/30min,1.5:1
854,379,475,44.4,1.31,733.1,-447.33,76.54,65364.81,0.29,107.0,3.9,8.0,CL/VWAP-2.0σ/30min,1.5:1
393,145,248,36.9,1.17,1411.4,-705.29,75.68,29740.41,0.14,49.0,5.5,8.0,"CL/Kelt-MR(14,2.5)/60min",2:1
1247,433,814,34.7,1.17,1454.55,-659.2,74.77,93233.09,0.43,156.0,4.2,8.0,ES/VWAP-2.0σ/30min,2:1
1698,638,1060,37.6,1.17,1315.41,-674.49,73.19,124278.49,0.58,213.0,5.2,8.0,CL/IBS(0.15/0.85)/60min,2:1
2656,975,1681,36.7,1.14,1609.47,-818.95,72.5,192572.4,0.91,332.0,5.9,8.0,"NQ/Kelt-BO(14,1.5)/15min",2:1
1505,636,869,42.3,1.1,1804.36,-1197.13,71.27,107267.54,0.52,189.0,4.6,8.0,"NQ/Kelt-BO(14,1.5)/30min",1.5:1
1268,570,698,45.0,1.28,716.03,-457.74,69.9,88636.13,0.43,159.0,4.2,8.0,CL/VWAP-1.5σ/30min,1.5:1
1428,491,937,34.4,1.11,1974.69,-928.87,69.48,99216.38,0.49,179.0,5.2,8.0,"ES/Boll-MR(14,1.5)/60min",2:1
1718,622,1096,36.2,1.14,1603.31,-801.14,69.39,119211.84,0.59,215.0,5.7,8.0,"NQ/Kelt-BO(14,2.0)/15min",2:1
744,288,456,38.7,1.16,1328.52,-725.99,69.31,51565.28,0.26,93.0,6.3,8.0,"ES/Kelt-BO(20,2.5)/30min",2:1
2566,895,1671,34.9,1.09,2392.29,-1175.62,68.84,176637.83,0.88,321.0,5.9,8.0,"NQ/Boll-MR(14,1.5)/30min",2:1
1366,468,898,34.3,1.06,3308.97,-1620.72,68.22,93191.04,0.47,172.0,5.4,8.0,"NQ/Boll-MR(20,1.5)/60min",2:1
1549,664,885,42.9,1.15,1226.67,-802.04,67.6,104705.14,0.53,194.0,4.8,8.0,"NQ/Kelt-BO(20,2.5)/15min",1.5:1
930,403,527,43.3,1.12,1461.62,-998.57,67.51,62785.84,0.32,117.0,4.5,8.0,"ES/Kelt-BO(20,1.5)/60min",1.5:1
505,189,316,37.4,1.15,1370.02,-711.73,67.38,34025.21,0.17,63.0,6.7,8.0,"ES/Kelt-BO(14,2.5)/30min",2:1
1794,643,1151,35.8,1.13,1642.98,-814.57,66.26,118866.53,0.62,224.0,5.8,8.0,"NQ/Kelt-BO(30,2.5)/15min",2:1
574,320,254,55.7,1.21,694.98,-726.5,65.96,37861.56,0.2,72.0,3.7,8.0,"ES/Kelt-BO(14,2.5)/30min",1:1
840,307,533,36.5,1.11,1881.37,-980.25,65.61,55111.0,0.29,105.0,5.4,8.0,"ES/Kelt-BO(14,1.5)/60min",2:1
1106,403,703,36.4,1.15,1388.4,-693.15,65.32,72241.69,0.38,138.0,6.2,8.0,"ES/Kelt-BO(20,2.0)/30min",2:1
1523,528,995,34.7,1.08,2413.24,-1181.15,64.97,98947.41,0.52,191.0,5.9,8.0,"NQ/Kelt-BO(20,1.5)/30min",2:1
900,396,504,44.0,1.11,1461.89,-1033.46,64.49,58045.27,0.31,113.0,4.5,8.0,"ES/Kelt-BO(30,1.5)/60min",1.5:1
1128,492,636,43.6,1.16,1057.79,-708.06,62.15,70105.13,0.39,141.0,4.4,8.0,"CL/Kelt-MR(20,2.0)/60min",1.5:1
791,325,466,41.1,1.07,2431.17,-1590.56,61.86,48929.26,0.27,100.0,4.0,7.9,"NQ/Boll-MR(20,2.0)/60min",1.5:1
1283,470,813,36.6,1.14,1370.12,-694.66,61.73,79194.99,0.44,161.0,5.3,8.0,"CL/Kelt-MR(30,2.0)/60min",2:1
1426,554,872,38.8,1.2,939.67,-497.11,61.08,87095.58,0.49,178.0,6.3,8.0,"ES/Kelt-BO(20,2.5)/15min",2:1
601,310,291,51.6,1.08,1634.03,-1614.58,61.08,36707.19,0.21,75.0,3.4,8.0,"NQ/Kelt-BO(14,2.0)/60min",1:1
797,263,534,33.0,1.08,2402.03,-1091.95,61.02,48633.44,0.27,100.0,3.7,8.0,NQ/VWAP-2.5σ/30min,2:1
858,468,390,54.5,1.19,691.25,-697.71,59.9,51397.49,0.29,108.0,3.1,8.0,"CL/Kelt-MR(14,2.0)/60min",1:1
526,238,288,45.2,1.15,1022.87,-736.86,59.37,31228.44,0.18,66.0,5.4,8.0,"ES/Kelt-BO(14,2.5)/30min",1.5:1
1303,485,818,37.2,1.13,1346.01,-705.8,57.92,75473.7,0.45,163.0,5.4,8.0,"CL/Kelt-MR(14,1.5)/60min",2:1
799,359,440,44.9,1.15,1008.41,-717.94,57.73,46124.33,0.27,100.0,5.1,8.0,"ES/Kelt-BO(20,2.5)/30min",1.5:1
886,379,507,42.8,1.06,2498.26,-1766.69,57.71,51129.22,0.3,111.0,4.4,8.0,"NQ/Kelt-BO(30,1.5)/60min",1.5:1
1493,554,939,37.1,1.13,1342.85,-700.53,57.7,86139.7,0.51,187.0,5.3,8.0,"CL/Kelt-MR(20,1.5)/60min",2:1
1540,625,915,40.6,1.1,1488.79,-921.43,56.75,87387.88,0.53,193.0,4.3,8.0,"ES/Boll-MR(14,1.5)/60min",1.5:1
1708,582,1126,34.1,1.09,2048.9,-973.34,56.49,96485.52,0.59,214.0,5.4,8.0,ES/IBS(0.15/0.85)/60min,2:1
412,221,191,53.6,1.17,715.95,-706.83,56.36,23220.51,0.14,52.0,3.1,8.0,"CL/Kelt-MR(14,2.5)/60min",1:1
702,308,394,43.9,1.1,1415.86,-1006.87,56.1,39380.26,0.24,88.0,4.3,8.0,"ES/Kelt-BO(20,2.0)/60min",1.5:1
1262,458,804,36.3,1.18,1024.52,-495.79,55.95,70611.94,0.43,158.0,5.9,8.0,"CL/Kelt-BO(20,2.0)/30min",2:1
756,412,344,54.5,1.17,704.73,-721.68,55.67,42090.26,0.26,95.0,3.2,8.0,"CL/Kelt-MR(20,2.5)/60min",1:1
1591,585,1006,36.8,1.13,1343.77,-693.85,55.37,88088.19,0.55,199.0,5.3,8.0,"CL/Kelt-MR(30,1.5)/60min",2:1
2280,926,1354,40.6,1.06,2507.2,-1621.47,55.35,126204.5,0.78,285.0,4.4,8.0,NQ/IBS(0.25/0.75)/60min,1.5:1
1937,797,1140,41.1,1.1,1523.05,-970.93,55.25,107012.66,0.66,242.0,4.4,8.0,ES/IBS(0.15/0.85)/60min,1.5:1
57,30,27,52.6,1.08,1448.77,-1493.82,54.91,3129.94,0.02,8.0,3.2,7.3,"NQ/Boll-MR(14,3.0)/60min",1:1
1638,629,1009,38.4,1.18,935.33,-494.48,54.58,89396.81,0.56,205.0,6.1,8.0,"ES/Kelt-BO(14,2.0)/15min",2:1
1835,621,1214,33.8,1.05,3347.82,-1630.73,54.11,99283.64,0.63,230.0,5.4,8.0,NQ/IBS(0.2/0.8)/60min,2:1
2131,857,1274,40.2,1.06,2535.12,-1614.89,54.07,115230.61,0.73,267.0,4.4,8.0,NQ/IBS(0.2/0.8)/60min,1.5:1
1498,558,940,37.2,1.13,1283.09,-676.04,53.73,80484.2,0.51,188.0,5.0,8.0,"CL/Boll-MR(14,1.5)/60min",2:1
887,318,569,35.9,1.12,1392.51,-694.53,53.7,47630.87,0.3,111.0,5.6,8.0,"CL/Kelt-BO(14,1.5)/60min",2:1
945,335,610,35.4,1.12,1372.45,-672.33,52.54,49649.79,0.32,118.0,5.3,8.0,"CL/Kelt-BO(20,1.5)/60min",2:1
330,108,222,32.7,1.05,3270.12,-1514.17,51.6,17026.64,0.11,41.0,5.7,8.0,"NQ/Kelt-MR(14,2.5)/60min",2:1
318,168,150,52.8,1.12,915.18,-915.93,51.45,16360.77,0.11,40.0,3.2,8.0,"ES/Kelt-BO(14,2.5)/60min",1:1
1531,685,846,44.7,1.19,723.86,-493.44,51.21,78400.08,0.52,192.0,5.0,8.0,"ES/Kelt-BO(20,2.5)/15min",1.5:1
616,267,349,43.3,1.05,2383.84,-1734.71,50.44,31071.94,0.21,77.0,4.2,8.0,"NQ/Kelt-BO(30,2.5)/60min",1.5:1
1837,768,1069,41.8,1.11,1223.58,-792.54,50.34,92481.94,0.63,230.0,4.7,8.0,"NQ/Kelt-BO(14,2.0)/15min",1.5:1
1448,592,856,40.9,1.05,2458.32,-1615.83,49.85,72177.77,0.5,182.0,4.3,8.0,"NQ/Boll-MR(20,1.5)/60min",1.5:1
954,425,529,44.5,1.18,724.07,-492.52,49.46,47186.78,0.33,119.0,5.0,8.0,"ES/Kelt-BO(14,2.5)/15min",1.5:1
1466,504,962,34.4,1.06,2447.18,-1206.91,49.34,72329.26,0.5,184.0,5.9,8.0,"NQ/Kelt-BO(30,1.5)/30min",2:1
922,385,537,41.8,1.13,1023.95,-650.34,48.79,44987.73,0.32,116.0,4.3,8.0,"CL/Kelt-BO(30,1.5)/60min",1.5:1
1668,571,1097,34.2,1.11,1433.3,-672.5,48.37,80681.13,0.57,209.0,4.3,8.0,ES/VWAP-1.5σ/30min,2:1
165,67,98,40.6,1.16,838.94,-492.95,47.88,7899.93,0.06,21.0,4.3,8.0,CL/VWAP-3.0σ/30min,2:1
796,338,458,42.5,1.13,1008.36,-661.27,47.69,37961.61,0.27,100.0,4.3,8.0,"CL/Kelt-BO(30,2.0)/60min",1.5:1
1042,559,483,53.6,1.15,687.68,-694.88,46.82,48789.48,0.36,130.0,3.6,8.0,"ES/Kelt-BO(14,2.0)/30min",1:1
1783,765,1018,42.9,1.12,1025.71,-689.12,46.63,83148.56,0.61,223.0,4.3,8.0,"CL/Kelt-MR(30,1.5)/60min",1.5:1
905,342,563,37.8,1.15,947.57,-500.82,46.53,42110.21,0.31,113.0,6.5,8.0,"ES/Kelt-BO(14,2.5)/15min",2:1
2941,1078,1863,36.7,1.16,939.28,-470.3,46.37,136387.47,1.01,368.0,5.7,8.0,CL/IBS(0.15/0.85)/30min,2:1
3439,1180,2259,34.3,1.06,2386.87,-1176.49,46.18,158818.81,1.18,430.0,5.8,8.0,NQ/IBS(0.25/0.75)/30min,2:1
1445,534,911,37.0,1.11,1286.8,-681.24,46.05,66545.5,0.5,181.0,5.0,8.0,"CL/Boll-MR(20,1.5)/60min",2:1
751,268,483,35.7,1.11,1342.37,-673.27,46.02,34564.33,0.26,94.0,5.4,8.0,"CL/Kelt-BO(30,2.0)/60min",2:1
2145,770,1375,35.9,1.09,1592.62,-820.45,45.78,98205.14,0.74,268.0,5.7,8.0,"NQ/Kelt-BO(20,2.0)/15min",2:1
793,280,513,35.3,1.13,1075.34,-517.13,45.16,35808.99,0.27,99.0,6.1,8.0,"CL/Kelt-MR(14,2.5)/30min",2:1
1313,464,849,35.3,1.14,1009.25,-482.42,44.72,58719.13,0.45,164.0,6.0,8.0,"CL/Kelt-BO(30,2.0)/30min",2:1
650,320,330,49.2,1.06,1673.66,-1535.46,44.42,28871.07,0.22,82.0,3.4,8.0,"NQ/Kelt-MR(20,2.5)/60min",1:1
1564,668,896,42.7,1.12,1004.94,-671.89,44.3,69283.81,0.54,196.0,4.3,8.0,CL/IBS(0.1/0.9)/60min,1.5:1
649,231,418,35.6,1.1,1381.45,-694.77,44.22,28699.6,0.22,81.0,6.0,8.0,"ES/Boll-MR(14,2.5)/30min",2:1
1791,656,1135,36.6,1.14,962.28,-486.54,44.13,79034.44,0.61,224.0,6.2,8.0,"ES/Kelt-BO(30,2.5)/15min",2:1
1571,563,1008,35.8,1.14,989.97,-484.21,44.1,69275.19,0.54,197.0,5.8,8.0,"CL/Kelt-BO(20,1.5)/30min",2:1
1618,699,919,43.2,1.11,1024.49,-701.73,44.02,71226.49,0.55,202.0,4.3,8.0,"CL/Kelt-MR(20,1.5)/60min",1.5:1
3422,1238,2184,36.2,1.15,953.68,-471.66,43.99,150548.8,1.17,428.0,5.8,8.0,CL/IBS(0.25/0.75)/30min,2:1
1418,510,908,36.0,1.09,1403.1,-719.9,43.66,61911.49,0.49,177.0,6.1,8.0,"ES/Kelt-BO(14,1.5)/30min",2:1
970,407,563,42.0,1.04,2445.96,-1693.72,43.24,41940.68,0.33,122.0,4.3,8.0,"NQ/Kelt-BO(20,1.5)/60min",1.5:1
952,412,540,43.3,1.11,1021.62,-703.36,43.17,41094.1,0.33,119.0,5.2,8.0,"ES/Kelt-BO(14,2.0)/30min",1.5:1
2515,918,1597,36.5,1.14,941.71,-473.78,42.89,107869.21,0.86,315.0,5.7,8.0,CL/IBS(0.1/0.9)/30min,2:1
3246,1168,2078,36.0,1.14,954.31,-469.58,42.77,138841.26,1.11,406.0,5.7,8.0,CL/IBS(0.2/0.8)/30min,2:1
513,268,245,52.2,1.09,936.24,-935.79,42.19,21645.02,0.18,64.0,3.4,8.0,"ES/Kelt-BO(20,2.5)/60min",1:1
2863,1224,1639,42.8,1.09,1194.07,-818.24,42.07,120447.88,0.98,358.0,4.7,8.0,"NQ/Kelt-BO(14,1.5)/15min",1.5:1
900,331,569,36.8,1.09,1336.25,-711.29,41.75,37572.5,0.31,113.0,6.3,8.0,"ES/Kelt-BO(14,2.0)/30min",2:1
1553,555,998,35.7,1.13,1000.71,-492.03,41.44,64350.84,0.53,194.0,5.8,8.0,"CL/Kelt-BO(14,1.5)/30min",2:1
1756,768,988,43.7,1.15,717.6,-484.7,41.13,72227.58,0.6,220.0,4.8,8.0,"ES/Kelt-BO(14,2.0)/15min",1.5:1
2063,699,1364,33.9,1.09,1468.03,-690.11,41.13,84841.81,0.71,258.0,5.8,8.0,"ES/Kelt-MR(14,1.5)/30min",2:1
883,468,415,53.0,1.12,701.01,-703.1,41.09,36284.09,0.3,111.0,3.6,8.0,"ES/Kelt-BO(20,2.5)/30min",1:1
1009,425,584,42.1,1.1,1016.11,-669.23,40.65,41015.03,0.35,126.0,4.3,8.0,"CL/Kelt-BO(20,1.5)/60min",1.5:1
1369,589,780,43.0,1.1,1028.82,-707.4,39.6,54206.53,0.47,172.0,4.4,8.0,"CL/Kelt-MR(14,1.5)/60min",1.5:1
3349,1454,1895,43.4,1.15,700.68,-468.07,39.36,131801.74,1.15,419.0,4.7,8.0,CL/IBS(0.15/0.85)/30min,1.5:1
1180,499,681,42.3,1.1,1045.99,-698.95,38.95,45966.64,0.4,148.0,5.0,8.0,"ES/Kelt-BO(20,2.0)/30min",1.5:1
1396,591,805,42.3,1.1,1039.23,-696.21,38.49,53738.04,0.48,175.0,4.3,8.0,"CL/Kelt-MR(30,2.0)/60min",1.5:1
743,272,471,36.6,1.06,1920.7,-1048.76,38.31,28462.91,0.26,93.0,5.4,8.0,"ES/Kelt-BO(30,2.0)/60min",2:1
1012,525,487,51.9,1.08,997.51,-996.03,38.17,38623.91,0.35,127.0,3.4,8.0,"ES/Kelt-BO(20,1.5)/60min",1:1
1076,385,691,35.8,1.12,1014.98,-506.76,37.72,40591.83,0.37,135.0,5.9,8.0,"CL/Kelt-BO(30,2.5)/30min",2:1
1378,716,662,52.0,1.06,1204.19,-1224.07,37.64,51865.13,0.47,172.0,3.5,8.0,"NQ/Kelt-BO(30,2.0)/30min",1:1
1232,650,582,52.8,1.11,701.12,-703.54,37.56,46269.23,0.42,154.0,3.2,8.0,"CL/Kelt-MR(20,2.0)/60min",1:1
1149,609,540,53.0,1.11,708.01,-719.23,37.24,42791.39,0.39,144.0,3.2,8.0,"CL/Kelt-MR(30,2.5)/60min",1:1
1073,527,546,49.1,1.05,1689.04,-1557.26,37.15,39856.7,0.37,135.0,3.3,8.0,"NQ/Kelt-MR(30,2.5)/60min",1:1
1468,530,938,36.1,1.08,1400.81,-733.52,37.05,54386.84,0.5,184.0,6.3,8.0,"ES/Kelt-BO(20,1.5)/30min",2:1
964,402,562,41.7,1.09,1047.52,-687.0,36.31,35004.89,0.33,121.0,4.4,8.0,"CL/Kelt-BO(14,1.5)/60min",1.5:1
2462,842,1620,34.2,1.05,2358.69,-1171.27,35.97,88568.37,0.84,308.0,5.6,8.0,"NQ/Kelt-MR(20,1.5)/30min",2:1
767,258,509,33.6,1.03,3252.46,-1594.49,35.91,27542.16,0.26,97.0,5.0,7.9,"NQ/Boll-MR(20,2.0)/60min",2:1
1351,486,865,36.0,1.11,1008.79,-510.78,35.86,48450.76,0.46,169.0,6.0,8.0,"CL/Kelt-MR(20,2.5)/30min",2:1
4689,1632,3057,34.8,1.11,1035.18,-497.67,35.84,168032.56,1.61,587.0,6.8,8.0,ES/IBS(0.1/0.9)/15min,2:1
165,75,90,45.5,1.14,658.13,-482.85,35.78,5903.5,0.06,21.0,3.7,8.0,CL/VWAP-3.0σ/30min,1.5:1
2658,958,1700,36.0,1.12,957.69,-483.86,35.7,94899.45,0.91,333.0,5.9,8.0,"ES/Kelt-BO(14,1.5)/15min",2:1
1171,433,738,37.0,1.08,1359.73,-741.15,35.69,41793.58,0.4,147.0,6.3,8.0,"ES/Kelt-BO(30,2.0)/30min",2:1
1612,552,1060,34.2,1.08,1417.99,-684.21,35.65,57464.8,0.55,202.0,5.8,8.0,"ES/Kelt-MR(30,2.5)/30min",2:1
1636,548,1088,33.5,1.05,2409.68,-1160.5,35.38,57881.9,0.56,205.0,5.6,8.0,"NQ/Kelt-MR(30,2.5)/30min",2:1
1300,679,621,52.2,1.06,1196.26,-1234.16,35.26,45841.43,0.45,163.0,3.4,8.0,"NQ/Kelt-BO(20,2.0)/30min",1:1
2484,849,1635,34.2,1.08,1403.82,-677.29,34.01,84476.46,0.85,311.0,5.6,8.0,"ES/Boll-MR(20,1.5)/30min",2:1
2025,731,1294,36.1,1.08,1313.93,-689.15,33.94,68726.79,0.69,253.0,5.2,8.0,CL/IBS(0.25/0.75)/60min,2:1
1369,471,898,34.4,1.08,1379.85,-672.67,33.5,45855.46,0.47,171.0,5.4,8.0,"ES/Boll-MR(20,2.0)/30min",2:1
3188,1649,1539,51.7,1.09,810.7,-799.76,33.26,106020.56,1.09,399.0,3.4,8.0,"NQ/Kelt-BO(14,1.5)/15min",1:1
1330,541,789,40.7,1.06,1489.45,-965.44,33.13,44063.25,0.46,167.0,4.5,8.0,"ES/Kelt-MR(30,2.0)/60min",1.5:1
905,385,520,42.5,1.06,1417.18,-991.82,33.0,29866.46,0.31,114.0,4.3,8.0,"ES/Kelt-BO(14,1.5)/60min",1.5:1
1665,896,769,53.8,1.14,486.85,-496.59,32.64,54337.43,0.57,208.0,3.5,8.0,"ES/Kelt-BO(20,2.5)/15min",1:1
980,503,477,51.3,1.07,1004.49,-992.6,32.43,31783.96,0.34,123.0,3.4,8.0,"ES/Kelt-BO(30,1.5)/60min",1:1
1589,525,1064,33.0,1.03,3352.44,-1605.81,32.38,51448.81,0.55,199.0,5.3,8.0,"NQ/Kelt-MR(30,1.5)/60min",2:1
991,333,658,33.6,1.05,1970.02,-948.56,32.15,31863.54,0.34,124.0,5.5,8.0,"ES/Kelt-MR(20,2.0)/60min",2:1
801,331,470,41.3,1.11,811.38,-516.65,32.14,25741.11,0.27,100.0,4.9,8.0,"CL/Kelt-MR(14,2.5)/30min",1.5:1
3999,1713,2286,42.8,1.12,699.76,-468.72,31.81,127199.24,1.37,500.0,4.7,8.0,CL/IBS(0.25/0.75)/30min,1.5:1
1929,807,1122,41.8,1.08,1002.78,-666.62,31.77,61289.81,0.66,242.0,4.2,8.0,CL/IBS(0.15/0.85)/60min,1.5:1
1899,795,1104,41.9,1.07,1218.87,-823.18,31.7,60203.89,0.65,238.0,4.6,8.0,"NQ/Kelt-BO(30,2.5)/15min",1.5:1
2063,1067,996,51.7,1.08,817.31,-809.91,31.7,65391.63,0.71,258.0,3.3,8.0,"NQ/Kelt-BO(30,2.5)/15min",1:1
2819,988,1831,35.0,1.06,1618.63,-824.66,31.66,89256.17,0.97,353.0,5.9,8.0,"NQ/Kelt-BO(20,1.5)/15min",2:1
2751,1123,1628,40.8,1.05,1774.39,-1170.49,31.65,87082.9,0.94,344.0,4.8,8.0,"NQ/Boll-MR(14,1.5)/30min",1.5:1
2626,904,1722,34.4,1.07,1394.28,-684.09,31.39,82432.72,0.9,329.0,5.7,8.0,"ES/Boll-MR(14,1.5)/30min",2:1
1525,648,877,42.5,1.08,984.19,-673.14,31.09,47413.21,0.52,191.0,4.1,8.0,"CL/Boll-MR(20,1.5)/60min",1.5:1
6254,2184,4070,34.9,1.1,1000.94,-489.59,30.92,193400.53,2.14,782.0,6.5,8.0,ES/IBS(0.25/0.75)/15min,2:1
2776,996,1780,35.9,1.15,641.95,-311.03,30.89,85754.69,0.95,347.0,5.7,8.0,"CL/Kelt-BO(30,1.5)/15min",2:1
2126,761,1365,35.8,1.1,956.3,-485.2,30.78,65446.11,0.73,266.0,6.0,8.0,"ES/Kelt-BO(20,2.0)/15min",2:1
1503,537,966,35.7,1.09,1007.05,-511.99,30.74,46203.7,0.52,188.0,5.9,8.0,"CL/Kelt-MR(14,2.0)/30min",2:1
821,280,541,34.1,1.07,1342.24,-648.99,30.12,24726.79,0.28,103.0,4.2,8.0,ES/VWAP-2.5σ/30min,2:1
1569,533,1036,34.0,1.05,1974.64,-971.44,29.36,46072.96,0.54,197.0,5.4,8.0,"ES/Kelt-MR(30,1.5)/60min",2:1
285,115,170,40.4,1.05,1430.38,-918.91,29.05,8279.18,0.1,36.0,4.7,8.0,"ES/Kelt-BO(14,2.5)/60min",1.5:1
1897,680,1217,35.8,1.07,1306.48,-685.04,28.84,54712.01,0.65,237.0,5.2,8.0,CL/IBS(0.2/0.8)/60min,2:1
1293,668,625,51.7,1.09,703.8,-692.63,28.81,37248.09,0.44,162.0,3.5,8.0,"ES/Kelt-BO(20,2.0)/30min",1:1
338,117,221,34.6,1.05,1835.13,-927.56,28.76,9719.66,0.12,43.0,4.9,7.9,"ES/Boll-MR(20,2.5)/60min",2:1
2175,915,1260,42.1,1.07,996.78,-674.43,28.63,62273.93,0.75,272.0,4.2,8.0,CL/IBS(0.2/0.8)/60min,1.5:1
634,329,305,51.9,1.06,960.36,-976.92,28.39,17998.06,0.22,80.0,3.3,8.0,"ES/Kelt-BO(30,2.5)/60min",1:1
1805,649,1156,36.0,1.09,989.41,-511.2,28.35,51173.79,0.62,226.0,5.8,8.0,"CL/Kelt-MR(30,2.5)/30min",2:1
2422,815,1607,33.6,1.04,2387.22,-1168.04,28.3,68536.66,0.83,303.0,5.5,8.0,"NQ/Boll-MR(20,1.5)/30min",2:1
2800,1188,1612,42.4,1.1,704.98,-470.69,28.13,78766.43,0.96,350.0,4.6,8.0,CL/IBS(0.1/0.9)/30min,1.5:1
2073,695,1378,33.5,1.04,2402.35,-1169.39,28.08,58211.7,0.71,259.0,5.6,8.0,"NQ/Kelt-MR(14,1.5)/30min",2:1
2885,1029,1856,35.7,1.09,963.81,-491.03,27.87,80417.93,0.99,361.0,5.7,8.0,"CL/Kelt-MR(30,1.5)/30min",2:1
3255,1098,2157,33.7,1.04,2395.31,-1177.64,27.62,89887.71,1.12,407.0,5.8,8.0,NQ/IBS(0.2/0.8)/30min,2:1
1691,868,823,51.3,1.07,810.14,-798.02,27.46,46435.69,0.58,212.0,3.4,8.0,"NQ/Kelt-BO(20,2.5)/15min",1:1
1453,580,873,39.9,1.05,1476.48,-935.59,27.24,39583.08,0.5,182.0,4.4,8.0,"ES/Boll-MR(20,1.5)/60min",1.5:1
1361,707,654,51.9,1.08,718.15,-719.82,27.16,36967.79,0.47,170.0,3.6,8.0,"ES/Kelt-BO(30,2.0)/30min",1:1
3754,1582,2172,42.1,1.1,704.02,-466.32,26.88,100909.81,1.29,470.0,4.6,8.0,CL/IBS(0.2/0.8)/30min,1.5:1
1973,704,1269,35.7,1.08,989.27,-507.16,26.79,52864.56,0.68,247.0,5.9,8.0,"CL/Kelt-MR(20,2.0)/30min",2:1
2321,826,1495,35.6,1.08,983.04,-501.58,26.77,62133.04,0.8,290.0,5.8,8.0,"CL/Kelt-MR(30,2.0)/30min",2:1
5448,1869,3579,34.3,1.08,1022.6,-493.47,26.64,145113.66,1.87,681.0,6.7,8.0,ES/IBS(0.15/0.85)/15min,2:1
2751,1372,1379,49.9,1.03,1686.01,-1624.35,26.62,73232.9,0.94,344.0,3.3,8.0,NQ/IBS(0.25/0.75)/60min,1:1
2175,735,1440,33.8,1.03,2364.42,-1166.71,26.57,57788.57,0.75,272.0,5.6,8.0,"NQ/Kelt-MR(30,2.0)/30min",2:1
585,249,336,42.6,1.05,1395.0,-987.73,26.46,15477.75,0.2,73.0,4.6,8.0,"ES/Kelt-BO(30,2.5)/60min",1.5:1
1379,459,920,33.3,1.04,1967.69,-942.42,26.21,36143.39,0.47,173.0,5.3,8.0,"ES/Boll-MR(20,1.5)/60min",2:1
1458,490,968,33.6,1.04,2042.52,-995.08,25.79,37598.91,0.5,182.0,5.4,8.0,ES/IBS(0.1/0.9)/60min,2:1
1251,502,749,40.1,1.03,2457.5,-1604.06,25.76,32222.72,0.43,157.0,4.3,8.0,"NQ/Kelt-MR(14,1.5)/60min",1.5:1
2628,887,1741,33.8,1.03,2402.27,-1185.03,25.75,67669.41,0.9,329.0,5.7,8.0,NQ/IBS(0.1/0.9)/30min,2:1
1427,501,926,35.1,1.05,1406.59,-721.9,25.39,36226.51,0.49,179.0,6.2,8.0,"ES/Kelt-BO(30,1.5)/30min",2:1
3442,1168,2274,33.9,1.05,1427.48,-695.17,25.13,86480.73,1.18,431.0,5.7,8.0,ES/IBS(0.25/0.75)/30min,2:1
1907,1014,893,53.2,1.11,478.35,-489.64,25.06,47797.09,0.65,239.0,3.5,8.0,"ES/Kelt-BO(14,2.0)/15min",1:1
1045,414,631,39.6,1.03,2481.57,-1586.88,24.92,26045.5,0.36,131.0,4.4,8.0,"NQ/Kelt-MR(20,2.0)/60min",1.5:1
1744,580,1164,33.3,1.03,2397.93,-1158.04,24.56,42837.24,0.6,218.0,5.6,8.0,"NQ/Kelt-MR(20,2.0)/30min",2:1
1598,677,921,42.4,1.06,970.05,-670.62,24.46,39087.77,0.55,200.0,4.1,8.0,"CL/Boll-MR(14,1.5)/60min",1.5:1
431,223,208,51.7,1.11,478.78,-462.7,24.42,10526.33,0.15,54.0,3.3,8.0,CL/VWAP-2.5σ/30min,1:1
1895,799,1096,42.2,1.09,719.11,-482.16,24.34,46119.61,0.65,237.0,4.9,8.0,"ES/Kelt-BO(30,2.5)/15min",1.5:1
2145,722,1423,33.7,1.05,1421.34,-684.91,24.05,51583.89,0.74,268.0,5.6,8.0,"ES/Kelt-MR(30,2.0)/30min",2:1
2894,1215,1679,42.0,1.08,721.42,-481.65,23.44,67831.53,0.99,362.0,4.7,8.0,"ES/Kelt-BO(14,1.5)/15min",1.5:1
2470,871,1599,35.3,1.11,641.87,-313.58,23.34,57648.0,0.85,309.0,5.5,8.0,"CL/Kelt-BO(30,2.0)/15min",2:1
753,391,362,51.9,1.05,961.61,-990.47,23.16,17440.13,0.26,94.0,3.3,8.0,"ES/Kelt-BO(20,2.0)/60min",1:1
2442,826,1616,33.8,1.05,1415.75,-689.19,22.8,55689.66,0.84,306.0,5.7,8.0,"ES/Kelt-MR(20,1.5)/30min",2:1
5327,2197,3130,41.2,1.08,759.51,-494.32,22.79,121412.41,1.83,666.0,5.5,8.0,ES/IBS(0.1/0.9)/15min,1.5:1
2953,1016,1937,34.4,1.08,902.31,-438.61,22.74,67151.38,1.01,369.0,4.7,8.0,"ES/Boll-MR(14,2.0)/15min",2:1
3255,1109,2146,34.1,1.05,1415.86,-697.29,22.67,73797.54,1.12,407.0,5.8,8.0,ES/IBS(0.2/0.8)/30min,2:1
924,308,616,33.3,1.04,1967.48,-950.05,22.46,20753.35,0.32,116.0,5.4,8.0,"ES/Kelt-MR(30,2.5)/60min",2:1
2493,1271,1222,51.0,1.06,814.7,-801.57,22.45,55971.49,0.85,312.0,3.3,8.0,"NQ/Kelt-BO(20,2.0)/15min",1:1
1384,581,803,42.0,1.08,757.7,-509.74,22.33,30906.46,0.47,173.0,4.9,8.0,"CL/Kelt-MR(20,2.5)/30min",1.5:1
981,500,481,51.0,1.05,966.6,-959.25,22.32,21900.61,0.34,123.0,3.2,8.0,"ES/Kelt-BO(14,1.5)/60min",1:1
2718,928,1790,34.1,1.05,1408.39,-696.54,22.14,60175.24,0.93,340.0,5.8,8.0,"ES/Kelt-MR(30,1.5)/30min",2:1
1021,534,487,52.3,1.09,487.23,-488.29,21.92,22383.58,0.35,128.0,3.5,8.0,"ES/Kelt-BO(14,2.5)/15min",1:1
4708,1572,3136,33.4,1.04,1748.02,-843.56,21.77,102472.84,1.61,589.0,6.8,8.0,NQ/IBS(0.1/0.9)/15min,2:1
550,196,354,35.6,1.03,1853.43,-993.14,21.27,11700.36,0.19,69.0,6.0,8.0,"ES/Kelt-BO(30,2.5)/60min",2:1
1675,851,824,50.8,1.04,1204.77,-1201.5,21.03,35220.36,0.57,210.0,3.3,8.0,"NQ/Kelt-BO(14,1.5)/30min",1:1
1408,471,937,33.5,1.03,1977.64,-962.6,20.96,29512.84,0.48,176.0,5.4,8.0,"ES/Kelt-MR(20,1.5)/60min",2:1
1421,503,918,35.4,1.07,940.45,-483.12,20.79,29538.04,0.49,178.0,5.6,8.0,"CL/Boll-MR(20,2.0)/30min",2:1
1374,571,803,41.6,1.07,756.57,-502.44,20.77,28541.74,0.47,172.0,4.7,8.0,"CL/Kelt-BO(20,2.0)/30min",1.5:1
5914,2019,3895,34.1,1.06,1009.84,-492.03,20.7,122402.03,2.03,740.0,6.6,8.0,ES/IBS(0.2/0.8)/15min,2:1
1239,417,822,33.7,1.03,1982.86,-974.77,20.66,25593.64,0.43,155.0,5.4,8.0,"ES/Kelt-MR(30,2.0)/60min",2:1
1695,712,983,42.0,1.07,724.16,-489.15,20.51,34767.64,0.58,212.0,4.6,8.0,"CL/Kelt-BO(20,1.5)/30min",1.5:1
830,432,398,52.0,1.02,1644.91,-1742.94,20.38,16913.43,0.29,104.0,3.3,8.0,"NQ/Kelt-BO(30,2.0)/60min",1:1
2535,1251,1284,49.3,1.02,1710.1,-1626.11,20.28,51409.71,0.87,317.0,3.4,8.0,NQ/IBS(0.2/0.8)/60min,1:1
2912,1174,1738,40.3,1.03,1803.85,-1184.49,20.28,59067.84,1.0,364.0,4.7,8.0,NQ/IBS(0.1/0.9)/30min,1.5:1
794,284,510,35.8,1.05,1281.97,-682.76,19.99,15872.6,0.27,100.0,5.1,8.0,"CL/Boll-MR(20,2.0)/60min",2:1
6296,2554,3742,40.6,1.07,763.98,-488.02,19.86,125050.28,2.16,788.0,5.4,8.0,ES/IBS(0.15/0.85)/15min,1.5:1
5418,1834,3584,33.9,1.04,1715.67,-847.98,19.82,107366.13,1.86,678.0,6.7,8.0,NQ/IBS(0.15/0.85)/15min,2:1
1509,530,979,35.1,1.06,952.89,-485.34,19.8,29878.96,0.52,189.0,5.7,8.0,"CL/Kelt-BO(30,1.5)/30min",2:1
2853,997,1856,34.9,1.06,955.46,-482.94,19.72,56253.34,0.98,357.0,6.0,8.0,"ES/Kelt-BO(20,1.5)/15min",2:1
2292,951,1341,41.5,1.04,1198.21,-816.57,19.41,44478.23,0.79,287.0,4.6,8.0,"NQ/Kelt-BO(20,2.0)/15min",1.5:1
1497,509,988,34.0,1.04,1377.39,-680.29,19.35,28967.91,0.51,187.0,5.7,8.0,"ES/Boll-MR(14,2.0)/30min",2:1
2270,950,1320,41.9,1.07,714.27,-480.83,19.33,43868.71,0.78,284.0,4.7,8.0,"ES/Kelt-BO(20,2.0)/15min",1.5:1
7282,2945,4337,40.4,1.04,1263.4,-825.69,19.18,139692.44,2.49,911.0,5.3,8.0,NQ/IBS(0.25/0.75)/15min,1.5:1
3028,1066,1962,35.2,1.09,634.29,-315.16,19.09,57815.49,1.04,379.0,5.5,8.0,"CL/Kelt-BO(20,1.5)/15min",2:1
2629,929,1700,35.3,1.06,958.75,-494.87,18.79,49406.24,0.9,329.0,5.7,8.0,"CL/Kelt-MR(20,1.5)/30min",2:1
1296,654,642,50.5,1.08,482.28,-453.62,18.66,24182.69,0.44,162.0,3.6,8.0,CL/VWAP-1.5σ/30min,1:1
1195,397,798,33.2,1.02,3286.46,-1607.22,18.55,22166.93,0.41,150.0,5.4,8.0,"NQ/Kelt-MR(14,1.5)/60min",2:1
1646,822,824,49.9,1.05,734.78,-696.01,18.52,30478.22,0.56,206.0,3.6,8.0,"ES/Kelt-BO(30,1.5)/30min",1:1
5155,1737,3418,33.7,1.03,1671.7,-822.09,18.2,93838.07,1.77,645.0,6.1,8.0,"NQ/Kelt-MR(30,1.5)/15min",2:1
1275,500,775,39.2,1.04,1065.25,-657.99,17.79,22680.98,0.44,160.0,3.4,8.0,ES/VWAP-2.0σ/30min,1.5:1
2976,1008,1968,33.9,1.04,1510.81,-746.96,17.77,52892.54,1.02,372.0,4.5,8.0,"NQ/Boll-MR(14,2.0)/15min",2:1
803,290,513,36.1,1.04,1254.09,-681.34,17.63,14158.7,0.28,101.0,4.9,8.0,"CL/Boll-MR(14,2.0)/60min",2:1
2468,862,1606,34.9,1.06,940.51,-477.79,17.58,43390.06,0.85,309.0,5.6,8.0,"CL/Boll-MR(20,1.5)/30min",2:1
979,489,490,49.9,1.05,681.49,-645.35,17.39,17027.67,0.34,123.0,3.3,8.0,"CL/Kelt-BO(30,1.5)/60min",1:1
1082,373,709,34.5,1.05,1016.14,-508.17,17.31,18724.94,0.37,135.0,6.1,8.0,"CL/Kelt-BO(14,2.0)/30min",2:1
2927,1031,1896,35.2,1.08,634.66,-318.41,17.3,50639.01,1.0,366.0,5.4,8.0,"CL/Kelt-BO(14,1.5)/15min",2:1
1728,580,1148,33.6,1.04,1406.51,-684.7,17.21,29740.84,0.59,216.0,5.7,8.0,"ES/Kelt-MR(20,2.0)/30min",2:1
2954,1218,1736,41.2,1.09,481.33,-308.72,17.03,50317.31,1.01,370.0,4.6,8.0,"CL/Kelt-BO(30,1.5)/15min",1.5:1
1705,680,1025,39.9,1.03,1488.96,-959.5,17.02,29011.02,0.59,214.0,4.5,8.0,"ES/Kelt-MR(30,1.5)/60min",1.5:1
1672,648,1024,38.8,1.02,1838.56,-1135.95,16.85,28168.44,0.57,209.0,3.4,8.0,NQ/VWAP-1.5σ/30min,1.5:1
6260,2531,3729,40.4,1.03,1273.18,-835.99,16.77,105003.29,2.15,783.0,5.4,8.0,NQ/IBS(0.15/0.85)/15min,1.5:1
2624,920,1704,35.1,1.05,931.02,-476.85,16.77,43993.89,0.9,328.0,5.7,8.0,"CL/Boll-MR(14,1.5)/30min",2:1
5334,2138,3196,40.1,1.03,1294.86,-838.26,16.75,89338.78,1.83,667.0,5.5,8.0,NQ/IBS(0.1/0.9)/15min,1.5:1
7360,3002,4358,40.8,1.06,746.39,-485.9,16.73,123108.29,2.52,921.0,5.2,8.0,ES/IBS(0.25/0.75)/15min,1.5:1
963,348,615,36.1,1.04,1346.8,-735.91,16.72,16098.24,0.33,121.0,6.2,8.0,"ES/Kelt-BO(30,2.5)/30min",2:1
3082,1270,1812,41.2,1.06,724.43,-479.51,16.6,51157.26,1.06,386.0,4.8,8.0,"ES/Kelt-BO(20,1.5)/15min",1.5:1
1635,651,984,39.8,1.03,1538.63,-990.57,16.47,26931.23,0.56,205.0,4.4,8.0,ES/IBS(0.1/0.9)/60min,1.5:1
1752,899,853,51.3,1.05,663.77,-665.91,16.38,28705.8,0.6,219.0,3.3,8.0,CL/IBS(0.1/0.9)/60min,1:1
982,348,634,35.4,1.02,2337.39,-1257.78,16.27,15978.87,0.34,123.0,5.9,8.0,"NQ/Kelt-BO(30,2.5)/30min",2:1
3200,1646,1554,51.4,1.07,481.09,-476.47,16.07,51431.79,1.1,400.0,3.5,8.0,"ES/Kelt-BO(14,1.5)/15min",1:1
2743,957,1786,34.9,1.05,965.04,-492.47,16.04,43995.06,0.94,343.0,6.1,8.0,"ES/Kelt-BO(30,1.5)/15min",2:1
1478,525,953,35.5,1.08,587.62,-299.03,15.92,23522.63,0.51,185.0,4.0,8.0,"CL/Boll-MR(14,2.5)/15min",2:1
1546,532,1014,34.4,1.05,957.73,-478.36,15.82,24456.26,0.53,193.0,5.6,8.0,"CL/Boll-MR(14,2.0)/30min",2:1
869,433,436,49.8,1.07,482.23,-447.66,15.68,13628.67,0.3,109.0,3.3,8.0,CL/VWAP-2.0σ/30min,1:1
4658,1632,3026,35.0,1.07,658.41,-331.52,15.32,71338.91,1.6,583.0,6.5,8.0,CL/IBS(0.1/0.9)/15min,2:1
3155,1316,1839,41.7,1.05,722.54,-490.97,15.2,47964.86,1.08,395.0,4.7,8.0,"CL/Kelt-MR(30,1.5)/30min",1.5:1
1546,646,900,41.8,1.04,1046.71,-725.68,14.92,23065.01,0.53,193.0,4.8,8.0,"ES/Kelt-BO(14,1.5)/30min",1.5:1
1541,619,922,40.2,1.02,1829.78,-1203.94,14.66,22595.86,0.53,193.0,4.8,8.0,"NQ/Kelt-BO(30,1.5)/30min",1.5:1
1694,695,999,41.0,1.05,743.57,-492.79,14.45,24484.03,0.58,212.0,4.6,8.0,"CL/Kelt-BO(14,1.5)/30min",1.5:1
628,213,415,33.9,1.02,1878.74,-942.47,14.41,9047.27,0.22,79.0,5.4,8.0,"ES/Kelt-MR(20,2.5)/60min",2:1
764,306,458,40.1,1.03,1049.64,-677.62,14.19,10838.81,0.26,96.0,4.4,8.0,"CL/Kelt-BO(20,2.0)/60min",1.5:1
2254,1112,1142,49.3,1.02,1714.66,-1641.71,14.14,31868.74,0.77,282.0,3.4,8.0,NQ/IBS(0.15/0.85)/60min,1:1
3417,1379,2038,40.4,1.02,1797.09,-1192.46,14.03,47951.62,1.17,427.0,4.8,8.0,NQ/IBS(0.15/0.85)/30min,1.5:1
2583,910,1673,35.2,1.06,671.88,-343.92,13.95,36037.84,0.89,323.0,5.9,8.0,"CL/Kelt-MR(20,2.5)/15min",2:1
2420,838,1582,34.6,1.07,642.52,-319.3,13.76,33295.14,0.83,303.0,5.3,8.0,"CL/Kelt-BO(20,2.0)/15min",2:1
2115,1085,1030,51.3,1.06,504.71,-503.74,13.6,28762.07,0.73,265.0,3.6,8.0,"CL/Kelt-MR(30,2.5)/30min",1:1
6867,2767,4100,40.3,1.05,751.53,-484.72,13.42,92129.75,2.35,859.0,5.3,8.0,ES/IBS(0.2/0.8)/15min,1.5:1
1587,814,773,51.3,1.04,689.5,-698.61,13.38,21227.3,0.54,199.0,3.2,8.0,"CL/Kelt-MR(30,2.0)/60min",1:1
2307,802,1505,34.8,1.04,971.64,-497.44,13.27,30603.16,0.79,289.0,5.7,8.0,"CL/Kelt-MR(14,1.5)/30min",2:1
2064,1057,1007,51.2,1.04,681.42,-688.29,13.15,27149.89,0.71,258.0,3.3,8.0,"CL/Kelt-MR(30,1.5)/60min",1:1
2810,988,1822,35.2,1.06,653.33,-334.13,13.06,36712.57,0.96,352.0,5.4,8.0,"CL/Kelt-MR(14,2.0)/15min",2:1
3151,1063,2088,33.7,1.03,1570.58,-779.94,13.02,41018.61,1.08,394.0,5.1,8.0,"NQ/Boll-MR(20,2.0)/15min",2:1
1048,536,512,51.1,1.02,1642.71,-1693.12,12.99,13614.56,0.36,131.0,3.1,8.0,"NQ/Kelt-BO(20,1.5)/60min",1:1
2284,784,1500,34.3,1.02,1606.81,-820.06,12.98,29655.03,0.78,286.0,5.9,8.0,"NQ/Kelt-BO(30,2.0)/15min",2:1
2314,959,1355,41.4,1.03,995.71,-682.66,12.91,29883.1,0.79,290.0,4.3,8.0,CL/IBS(0.25/0.75)/60min,1.5:1
2028,712,1316,35.1,1.05,755.29,-389.09,12.68,25724.77,0.69,254.0,10.3,8.0,NQ/ORB-5min,2:1
3959,1330,2629,33.6,1.04,992.81,-483.28,12.6,49891.46,1.36,495.0,6.2,8.0,"ES/Kelt-MR(30,2.0)/15min",2:1
461,190,271,41.2,1.01,2383.71,-1649.94,12.52,5769.94,0.16,58.0,4.2,8.0,"NQ/Kelt-BO(20,2.5)/60min",1.5:1
3481,1220,2261,35.0,1.06,671.15,-343.19,12.31,42854.19,1.19,435.0,6.0,8.0,"CL/Kelt-MR(30,2.5)/15min",2:1
1633,589,1044,36.1,1.06,643.22,-343.67,12.29,20064.27,0.56,204.0,6.6,8.0,CL/VWAP-2.5σ/15min,2:1
1814,620,1194,34.2,1.06,666.76,-327.84,12.1,21944.89,0.62,227.0,5.3,8.0,"CL/Kelt-BO(20,2.5)/15min",2:1
2153,862,1291,40.0,1.03,1069.92,-694.63,11.85,25506.38,0.74,269.0,4.8,8.0,"ES/Kelt-MR(14,1.5)/30min",1.5:1
3916,1970,1946,50.3,1.05,476.64,-459.09,11.64,45594.97,1.34,490.0,3.5,8.0,CL/IBS(0.15/0.85)/30min,1:1
1006,501,505,49.8,1.01,1643.89,-1607.78,11.59,11663.83,0.35,126.0,3.1,8.0,"NQ/Kelt-BO(14,1.5)/60min",1:1
6189,2061,4128,33.3,1.02,1715.27,-839.16,11.49,71137.74,2.12,774.0,6.6,8.0,NQ/IBS(0.25/0.75)/15min,2:1
2065,1047,1018,50.7,1.05,483.16,-473.86,11.37,23480.46,0.71,258.0,3.5,8.0,"ES/Kelt-BO(30,2.5)/15min",1:1
734,260,474,35.4,1.04,888.88,-470.45,11.06,8118.42,0.25,92.0,4.7,8.0,"ES/Boll-MR(20,3.0)/15min",2:1
1734,686,1048,39.6,1.02,1788.1,-1152.66,10.75,18642.53,0.6,217.0,4.6,8.0,"NQ/Kelt-MR(30,2.5)/30min",1.5:1
1234,476,758,38.6,1.02,1809.84,-1119.2,10.64,13130.56,0.42,154.0,3.2,8.0,NQ/VWAP-2.0σ/30min,1.5:1
3048,1257,1791,41.2,1.02,1202.01,-825.55,10.62,32365.27,1.04,381.0,4.7,8.0,"NQ/Kelt-BO(20,1.5)/15min",1.5:1
822,408,414,49.6,1.04,541.67,-512.95,10.51,8640.23,0.28,103.0,3.6,8.0,"CL/Kelt-MR(14,2.5)/30min",1:1
2936,1196,1740,40.7,1.04,735.32,-487.71,10.5,30833.06,1.01,367.0,4.8,8.0,"ES/Kelt-BO(30,1.5)/15min",1.5:1
1957,637,1320,32.5,1.02,2019.92,-959.27,10.45,20457.26,0.67,245.0,5.4,8.0,ES/IBS(0.25/0.75)/60min,2:1
2733,943,1790,34.5,1.02,1634.66,-845.21,10.45,28563.56,0.94,342.0,6.1,8.0,"NQ/Kelt-BO(30,1.5)/15min",2:1
2278,785,1493,34.5,1.03,960.82,-489.63,10.19,23220.66,0.78,285.0,6.1,8.0,"ES/Kelt-BO(30,2.0)/15min",2:1
5505,1911,3594,34.7,1.05,652.25,-331.47,10.02,55165.21,1.89,689.0,6.4,8.0,CL/IBS(0.15/0.85)/15min,2:1
832,345,487,41.5,1.03,968.94,-669.45,9.93,8261.37,0.29,104.0,4.0,8.0,"CL/Boll-MR(14,2.0)/60min",1.5:1
7573,3773,3800,49.8,1.02,850.46,-824.68,9.9,74988.13,2.6,947.0,4.0,8.0,NQ/IBS(0.15/0.85)/15min,1:1
4404,1546,2858,35.1,1.04,655.19,-339.23,9.86,43415.89,1.51,551.0,6.0,8.0,"CL/Kelt-MR(30,2.0)/15min",2:1
3169,1599,1570,50.5,1.04,474.76,-463.73,9.81,31092.96,1.09,397.0,3.5,8.0,CL/IBS(0.1/0.9)/30min,1:1
853,312,541,36.6,1.05,609.06,-335.87,9.75,8317.99,0.29,107.0,5.9,8.0,CL/VWAP-3.0σ/15min,2:1
2621,1049,1572,40.0,1.02,1042.62,-679.58,9.7,25417.33,0.9,328.0,4.7,8.0,"ES/Boll-MR(20,1.5)/30min",1.5:1
2079,710,1369,34.2,1.05,646.59,-320.65,9.67,20111.24,0.71,260.0,5.1,8.0,"CL/Kelt-BO(14,2.0)/15min",2:1
2912,1012,1900,34.8,1.05,598.27,-303.85,9.66,28132.66,1.0,364.0,4.7,8.0,"CL/Boll-MR(14,2.0)/15min",2:1
1404,564,840,40.2,1.02,1026.11,-672.88,9.62,13510.98,0.48,176.0,4.5,8.0,"ES/Boll-MR(20,2.0)/30min",1.5:1
925,312,613,33.7,1.03,1035.29,-512.45,9.6,8876.79,0.32,116.0,5.9,8.0,"CL/Kelt-BO(20,2.5)/30min",2:1
2764,925,1839,33.5,1.01,2388.5,-1187.08,9.53,26329.17,0.95,346.0,5.7,8.0,"NQ/Kelt-MR(30,1.5)/30min",2:1
2098,722,1376,34.4,1.04,648.56,-325.79,9.52,19974.2,0.72,262.0,5.3,8.0,"CL/Kelt-BO(30,2.5)/15min",2:1
1480,581,899,39.3,1.02,1503.73,-956.3,9.43,13953.61,0.51,185.0,4.5,8.0,"ES/Kelt-MR(20,1.5)/60min",1.5:1
1861,943,918,50.7,1.04,487.43,-481.68,9.39,17466.9,0.64,233.0,3.4,8.0,"CL/Kelt-BO(20,1.5)/30min",1:1
1407,567,840,40.3,1.03,743.77,-486.58,9.23,12991.73,0.48,176.0,4.8,8.0,"CL/Kelt-BO(30,2.0)/30min",1.5:1
3020,1020,2000,33.8,1.01,2373.17,-1196.43,9.2,27781.93,1.03,378.0,5.8,8.0,NQ/IBS(0.15/0.85)/30min,2:1
716,236,480,33.0,1.02,1412.91,-681.06,9.13,6539.26,0.25,90.0,5.6,8.0,"CL/Kelt-BO(20,2.0)/60min",2:1
4453,2231,2222,50.1,1.04,475.13,-459.08,8.97,39930.84,1.53,557.0,3.5,8.0,CL/IBS(0.2/0.8)/30min,1:1
1115,370,745,33.2,1.02,1408.94,-686.36,8.94,9969.21,0.38,140.0,5.8,8.0,"ES/Kelt-MR(20,2.5)/30min",2:1
1633,563,1070,34.5,1.04,674.64,-341.69,8.71,14217.13,0.56,204.0,5.5,8.0,"CL/Kelt-MR(14,2.5)/15min",2:1
5082,1778,3304,35.0,1.04,609.89,-314.83,8.69,44161.37,1.74,635.0,5.4,8.0,"CL/Boll-MR(14,1.5)/15min",2:1
3156,1594,1562,50.5,1.06,318.53,-307.57,8.65,27304.54,1.08,395.0,3.5,8.0,"CL/Kelt-BO(30,1.5)/15min",1:1
3702,1297,2405,35.0,1.04,650.93,-338.15,8.38,31010.09,1.27,463.0,5.8,8.0,"CL/Kelt-MR(20,2.0)/15min",2:1
2279,1134,1145,49.8,1.02,1002.22,-976.04,8.32,18952.49,0.78,285.0,3.3,8.0,ES/IBS(0.15/0.85)/60min,1:1
1901,787,1114,41.4,1.03,743.08,-510.87,8.26,15695.76,0.65,238.0,4.9,8.0,"CL/Kelt-MR(30,2.5)/30min",1.5:1
1089,543,546,49.9,1.02,682.86,-662.75,8.2,8932.39,0.37,136.0,3.3,8.0,"CL/Kelt-BO(20,1.5)/60min",1:1
4552,1521,3031,33.4,1.02,993.87,-486.66,8.04,36613.12,1.56,570.0,6.2,8.0,"ES/Kelt-MR(20,1.5)/15min",2:1
1440,469,971,32.6,1.01,3434.03,-1646.76,8.03,11559.21,0.49,180.0,5.5,8.0,NQ/IBS(0.1/0.9)/60min,2:1
2435,987,1448,40.5,1.03,730.47,-484.63,7.9,19234.27,0.83,305.0,4.8,8.0,"ES/Kelt-BO(30,2.0)/15min",1.5:1
4977,1684,3293,33.8,1.03,937.13,-467.36,7.86,39118.84,1.71,622.0,5.7,8.0,"ES/Boll-MR(20,1.5)/15min",2:1
1627,562,1065,34.5,1.04,601.42,-305.49,7.78,12654.73,0.56,204.0,4.4,8.0,"CL/Boll-MR(20,2.5)/15min",2:1
1470,750,720,51.0,1.02,689.01,-702.04,7.68,11293.71,0.5,184.0,3.3,8.0,"CL/Kelt-MR(14,1.5)/60min",1:1
6032,2095,3937,34.7,1.04,647.44,-332.76,7.67,46290.66,2.07,755.0,6.4,8.0,CL/IBS(0.2/0.8)/15min,2:1
1493,745,748,49.9,1.02,990.67,-971.43,7.65,11416.49,0.51,187.0,3.4,8.0,"ES/Kelt-MR(30,2.0)/60min",1:1
1506,607,899,40.3,1.02,1072.67,-711.68,7.51,11315.08,0.52,188.0,5.0,8.0,"ES/Kelt-BO(30,1.5)/30min",1.5:1
1576,649,927,41.2,1.02,1058.94,-728.71,7.45,11739.51,0.54,197.0,5.0,8.0,"ES/Kelt-BO(20,1.5)/30min",1.5:1
2622,1064,1558,40.6,1.04,479.36,-315.78,6.89,18055.59,0.9,328.0,4.5,8.0,"CL/Kelt-BO(30,2.0)/15min",1.5:1
4854,2442,2412,50.3,1.03,470.38,-462.38,6.88,33410.17,1.66,607.0,3.5,8.0,CL/IBS(0.25/0.75)/30min,1:1
6391,2210,4181,34.6,1.03,647.73,-332.02,6.78,43307.47,2.19,799.0,6.3,8.0,CL/IBS(0.25/0.75)/15min,2:1
1800,922,878,51.2,1.02,682.46,-702.93,6.7,12056.43,0.62,225.0,3.2,8.0,"CL/Kelt-MR(20,1.5)/60min",1:1
1860,934,926,50.2,1.03,496.57,-487.5,6.65,12369.0,0.64,233.0,3.4,8.0,"CL/Kelt-BO(14,1.5)/30min",1:1
2024,1028,996,50.8,1.09,157.81,-149.56,6.55,13262.1,0.69,253.0,3.7,8.0,ES/ORB-15min,1:1
1255,521,734,41.5,1.02,1053.74,-736.8,6.53,8189.5,0.43,157.0,5.1,8.0,"ES/Kelt-BO(30,2.0)/30min",1.5:1
5116,1728,3388,33.8,1.02,933.05,-466.05,6.52,33333.19,1.75,640.0,5.6,8.0,"ES/Boll-MR(14,1.5)/15min",2:1
2583,1030,1553,39.9,1.02,1060.14,-692.49,6.39,16510.08,0.89,323.0,4.7,8.0,"ES/Kelt-MR(20,1.5)/30min",1.5:1
1455,731,724,50.2,1.02,514.73,-507.09,6.28,9134.5,0.5,182.0,3.6,8.0,"CL/Kelt-MR(20,2.5)/30min",1:1
5112,1711,3401,33.5,1.02,989.83,-488.67,6.19,31621.94,1.75,640.0,6.2,8.0,"ES/Kelt-MR(30,1.5)/15min",2:1
4976,1731,3245,34.8,1.03,611.15,-316.54,6.18,30726.83,1.71,622.0,5.4,8.0,"CL/Boll-MR(20,1.5)/15min",2:1
2811,1137,1674,40.4,1.01,1031.24,-690.18,6.1,17151.36,0.96,352.0,4.7,8.0,"ES/Boll-MR(14,1.5)/30min",1.5:1
2571,893,1678,34.7,1.03,673.37,-349.03,6.09,15650.9,0.88,322.0,7.1,8.0,CL/VWAP-2.0σ/15min,2:1
1540,632,908,41.0,1.02,750.32,-511.96,6.06,9338.5,0.53,193.0,4.8,8.0,"CL/Kelt-MR(14,2.0)/30min",1.5:1
4606,1540,3066,33.4,1.01,1655.62,-822.62,5.97,27484.19,1.58,576.0,6.0,8.0,"NQ/Kelt-MR(20,1.5)/15min",2:1
6472,2290,4182,35.4,1.05,333.16,-173.22,5.95,38522.37,2.22,810.0,7.1,8.0,CL/VWAP-3.0σ/5min,2:1
3136,1094,2042,34.9,1.03,595.58,-309.98,5.93,18582.26,1.07,392.0,4.8,8.0,"CL/Boll-MR(20,2.0)/15min",2:1
649,217,432,33.4,1.02,983.57,-485.46,5.72,3713.53,0.22,81.0,5.2,8.0,"CL/Boll-MR(20,2.5)/30min",2:1
6301,3175,3126,50.4,1.02,496.93,-493.7,5.47,34442.9,2.16,788.0,4.0,8.0,ES/IBS(0.1/0.9)/15min,1:1
3040,1032,2008,33.9,1.02,912.65,-460.78,5.46,16612.43,1.04,380.0,5.2,8.0,"ES/Boll-MR(20,2.0)/15min",2:1
299,98,201,32.8,1.01,1839.35,-888.77,5.4,1614.06,0.1,38.0,4.8,7.9,"ES/Boll-MR(14,2.5)/60min",2:1
1729,674,1055,39.0,1.01,1063.72,-670.76,5.38,9294.55,0.59,216.0,3.5,8.0,ES/VWAP-1.5σ/30min,1.5:1
5228,2145,3083,41.0,1.03,488.68,-330.98,5.32,27816.91,1.79,654.0,5.3,8.0,CL/IBS(0.1/0.9)/15min,1.5:1
1643,815,828,49.6,1.01,1228.22,-1198.45,5.28,8681.13,0.56,206.0,3.5,8.0,"NQ/Kelt-BO(30,1.5)/30min",1:1
1148,466,682,40.6,1.02,756.41,-507.98,5.27,6048.13,0.39,144.0,4.7,8.0,"CL/Kelt-BO(30,2.5)/30min",1.5:1
1993,1018,975,51.1,1.09,127.77,-122.72,5.23,10418.27,0.68,249.0,5.0,8.0,CL/ORB-5min,1:1
3152,1283,1869,40.7,1.03,476.06,-318.33,5.02,15837.23,1.08,394.0,4.4,8.0,"CL/Kelt-BO(14,1.5)/15min",1.5:1
1055,529,526,50.1,1.01,693.56,-687.47,5.01,5280.93,0.36,132.0,3.3,8.0,"CL/Kelt-BO(14,1.5)/60min",1:1
1993,705,1288,35.4,1.06,242.2,-124.83,5.0,9972.56,0.68,249.0,9.4,8.0,CL/ORB-5min,2:1
1343,456,887,34.0,1.01,1453.1,-739.56,4.93,6622.2,0.46,168.0,3.9,8.0,"NQ/Boll-MR(14,2.5)/15min",2:1
5911,1989,3922,33.6,1.01,1692.37,-850.86,4.91,29031.54,2.03,739.0,6.6,8.0,NQ/IBS(0.2/0.8)/15min,2:1
6257,3114,3143,49.8,1.01,852.48,-834.94,4.86,30387.44,2.14,783.0,4.0,8.0,NQ/IBS(0.1/0.9)/15min,1:1
2662,1084,1578,40.7,1.02,511.89,-343.47,4.84,12889.09,0.91,333.0,4.8,8.0,"CL/Kelt-MR(20,2.5)/15min",1.5:1
2058,847,1211,41.2,1.02,740.0,-509.46,4.77,9817.49,0.71,258.0,4.8,8.0,"CL/Kelt-MR(20,2.0)/30min",1.5:1
744,255,489,34.3,1.01,977.97,-502.82,4.71,3502.6,0.26,93.0,5.6,8.0,"CL/Boll-MR(14,2.5)/30min",2:1
3225,1303,1922,40.4,1.02,476.33,-315.21,4.6,14828.21,1.11,403.0,4.6,8.0,"CL/Kelt-BO(20,1.5)/15min",1.5:1
2980,1209,1771,40.6,1.01,1039.16,-701.77,4.53,13503.61,1.02,373.0,4.7,8.0,"ES/Kelt-MR(30,1.5)/30min",1.5:1
2503,1027,1476,41.0,1.02,733.44,-502.76,4.46,11171.2,0.86,313.0,4.8,8.0,"CL/Kelt-MR(30,2.0)/30min",1.5:1
1993,829,1164,41.6,1.06,185.51,-124.57,4.41,8788.99,0.68,249.0,7.3,8.0,CL/ORB-5min,1.5:1
1555,536,1019,34.5,1.01,881.38,-456.9,4.4,6835.39,0.53,195.0,4.8,8.0,"ES/Boll-MR(20,2.5)/15min",2:1
2248,1146,1102,51.0,1.02,497.79,-508.93,4.28,9619.91,0.77,281.0,3.6,8.0,"CL/Kelt-MR(20,2.0)/30min",1:1
4935,1715,3220,34.8,1.02,638.54,-333.59,4.24,20930.79,1.69,617.0,6.0,8.0,"CL/Kelt-MR(20,1.5)/15min",2:1
4259,1461,2798,34.3,1.02,642.94,-329.39,4.15,17693.96,1.46,533.0,5.8,8.0,"CL/Kelt-MR(14,1.5)/15min",2:1
3013,1000,2013,33.2,1.01,1420.16,-699.82,3.79,11420.91,1.03,377.0,5.8,8.0,ES/IBS(0.15/0.85)/30min,2:1
1997,836,1161,41.9,1.07,141.1,-95.32,3.66,7299.51,0.68,250.0,4.1,8.0,CL/ORB-15min,1.5:1
789,398,391,50.4,1.0,1634.57,-1656.53,3.62,2856.31,0.27,99.0,3.2,8.0,"NQ/Kelt-BO(20,2.0)/60min",1:1
2808,1407,1401,50.1,1.02,320.65,-315.0,3.51,9845.34,0.96,351.0,3.4,8.0,"CL/Kelt-BO(30,2.0)/15min",1:1
3350,1687,1663,50.4,1.01,806.74,-811.51,3.41,11415.0,1.15,419.0,3.3,8.0,"NQ/Kelt-BO(20,1.5)/15min",1:1
1520,756,764,49.7,1.01,496.26,-484.36,3.37,5118.71,0.52,190.0,3.5,8.0,"CL/Kelt-BO(30,2.0)/30min",1:1
6312,2574,3738,40.8,1.02,486.16,-329.41,3.18,20045.51,2.16,789.0,5.2,8.0,CL/IBS(0.15/0.85)/15min,1.5:1
755,249,506,33.0,1.0,1874.02,-917.61,3.07,2318.07,0.26,95.0,5.2,8.0,"ES/Boll-MR(14,2.0)/60min",2:1
1662,678,984,40.8,1.02,500.34,-339.6,3.05,5062.66,0.57,208.0,5.7,8.0,CL/VWAP-2.5σ/15min,1.5:1
2024,812,1212,40.1,1.03,235.46,-152.7,3.03,6127.28,0.69,253.0,5.4,8.0,ES/ORB-15min,1.5:1
2495,1258,1237,50.4,1.01,477.68,-479.73,3.01,7499.79,0.86,312.0,3.5,8.0,"ES/Kelt-BO(20,2.0)/15min",1:1
894,449,445,50.2,1.02,326.47,-323.4,2.99,2671.89,0.31,112.0,4.0,8.0,CL/VWAP-3.0σ/15min,1:1
1494,743,751,49.7,1.01,507.42,-496.09,2.98,4445.46,0.51,187.0,3.5,8.0,"CL/Kelt-BO(20,2.0)/30min",1:1
2575,1026,1549,39.8,1.0,1774.58,-1170.91,2.71,6984.29,0.88,322.0,4.6,8.0,"NQ/Boll-MR(20,1.5)/30min",1.5:1
7325,3022,4303,41.3,1.03,248.68,-170.14,2.65,19428.57,2.51,916.0,5.6,8.0,CL/VWAP-3.0σ/5min,1.5:1
2882,1450,1432,50.3,1.02,345.98,-344.99,2.65,7640.66,0.99,361.0,3.4,8.0,"CL/Kelt-MR(20,2.5)/15min",1:1
9088,4529,4559,49.8,1.01,836.8,-826.07,2.62,23801.27,3.11,1136.0,3.9,8.0,NQ/IBS(0.25/0.75)/15min,1:1
2583,1042,1541,40.3,1.01,479.97,-320.2,2.6,6712.13,0.89,323.0,4.3,8.0,"CL/Kelt-BO(20,2.0)/15min",1.5:1
309,106,203,34.3,1.01,1348.67,-700.59,2.39,738.96,0.11,39.0,5.6,8.0,"CL/Kelt-BO(14,2.5)/60min",2:1
3691,1506,2185,40.8,1.01,504.96,-344.16,2.3,8482.83,1.26,462.0,4.9,8.0,"CL/Kelt-MR(30,2.5)/15min",1.5:1
8512,2966,5546,34.8,1.02,350.05,-183.74,2.26,19240.51,2.92,1064.0,7.3,8.0,CL/VWAP-2.5σ/5min,2:1
1997,1035,962,51.8,1.05,92.86,-95.4,2.17,4337.01,0.68,250.0,2.9,8.0,CL/ORB-15min,1:1
864,297,567,34.4,1.01,594.52,-308.24,2.09,1804.17,0.3,108.0,4.0,8.0,"CL/Boll-MR(20,3.0)/15min",2:1
59,19,40,32.2,1.0,1778.54,-841.79,2.05,120.74,0.02,8.0,5.0,7.3,"ES/Boll-MR(14,3.0)/60min",2:1
1017,401,616,39.4,1.0,1468.75,-953.1,1.83,1859.39,0.35,127.0,4.6,8.0,"ES/Kelt-MR(20,2.0)/60min",1.5:1
3497,1749,1748,50.0,1.01,317.02,-313.77,1.71,5991.3,1.2,437.0,3.5,8.0,"CL/Kelt-BO(20,1.5)/15min",1:1
2024,682,1342,33.7,1.02,309.11,-154.54,1.69,3429.06,0.69,253.0,7.1,8.0,ES/ORB-15min,2:1
1997,690,1307,34.6,1.03,186.63,-95.96,1.68,3355.59,0.68,250.0,5.4,8.0,CL/ORB-15min,2:1
5609,2262,3347,40.3,1.01,690.52,-463.89,1.66,9305.03,1.92,701.0,4.5,8.0,"ES/Boll-MR(14,1.5)/15min",1.5:1
2028,823,1205,40.6,1.01,576.15,-390.72,1.65,3353.88,0.69,254.0,8.0,8.0,NQ/ORB-5min,1.5:1
847,420,427,49.6,1.0,676.71,-662.49,1.57,1333.44,0.29,106.0,3.2,8.0,"CL/Kelt-BO(30,2.0)/60min",1:1
1269,432,837,34.0,1.01,858.16,-440.64,1.51,1910.1,0.44,159.0,4.5,8.0,"ES/Boll-MR(14,2.5)/15min",2:1
2630,1049,1581,39.9,1.0,1763.33,-1167.49,1.5,3935.21,0.9,329.0,4.6,8.0,"NQ/Kelt-MR(20,1.5)/30min",1.5:1
2028,1025,1003,50.5,1.01,386.57,-392.15,1.43,2910.13,0.69,254.0,5.4,8.0,NQ/ORB-5min,1:1
3057,1207,1850,39.5,1.01,671.24,-435.6,1.41,4316.46,1.05,382.0,3.8,8.0,"ES/Boll-MR(14,2.0)/15min",1.5:1
1967,652,1315,33.1,1.0,3301.08,-1634.62,1.41,2778.94,0.67,246.0,5.3,8.0,NQ/IBS(0.25/0.75)/60min,2:1
5476,2211,3265,40.4,1.01,462.07,-310.59,1.38,7557.9,1.88,685.0,4.4,8.0,"CL/Boll-MR(14,1.5)/15min",1.5:1
1689,672,1017,39.8,1.0,1043.53,-687.31,1.34,2259.8,0.58,212.0,4.8,8.0,"ES/Kelt-MR(30,2.5)/30min",1.5:1
1974,810,1164,41.0,1.02,137.68,-93.79,1.19,2343.17,0.68,247.0,3.8,8.0,CL/ORB-30min,1.5:1
1783,888,895,49.8,1.01,336.12,-331.4,1.05,1870.7,0.61,223.0,4.3,8.0,CL/VWAP-2.5σ/15min,1:1
2270,886,1384,39.0,1.0,1507.21,-963.3,0.96,2189.7,0.78,284.0,4.4,8.0,ES/IBS(0.25/0.75)/60min,1.5:1
621,242,379,39.0,1.0,2450.5,-1563.25,0.89,550.9,0.21,78.0,4.6,8.0,"NQ/Kelt-MR(20,2.5)/60min",1.5:1
4754,1935,2819,40.7,1.0,496.08,-339.36,0.69,3267.31,1.63,595.0,4.9,8.0,"CL/Kelt-MR(30,2.0)/15min",1.5:1
1974,672,1302,34.0,1.01,184.1,-94.0,0.67,1329.6,0.68,247.0,4.8,8.0,CL/ORB-30min,2:1
1638,651,987,39.7,1.0,1799.04,-1185.52,0.65,1072.52,0.56,205.0,4.7,8.0,"NQ/Kelt-BO(20,1.5)/30min",1.5:1
2221,891,1330,40.1,1.0,487.74,-325.91,0.5,1111.97,0.76,278.0,4.4,8.0,"CL/Kelt-BO(30,2.5)/15min",1.5:1
860,354,506,41.2,1.0,474.66,-331.28,0.47,402.57,0.29,108.0,5.1,8.0,CL/VWAP-3.0σ/15min,1.5:1
2028,805,1223,39.7,1.0,321.96,-211.26,0.4,805.04,0.69,254.0,9.0,8.0,ES/ORB-5min,1.5:1
9704,3961,5743,40.8,1.0,260.91,-179.6,0.21,2000.53,3.32,1213.0,5.7,8.0,CL/VWAP-2.5σ/5min,1.5:1
2021,1023,998,50.6,1.0,298.32,-305.76,0.01,28.76,0.69,253.0,3.9,8.0,NQ/ORB-15min,1:1
