sharpe,cagr_pct,max_dd_pct,calmar,realized_vol_pct,total_return_pct,final_equity,skew,kurtosis,n_years,allocation,vol_method,vol_window,vol_target,rebalance_freq
0.395,1.12,5.6,0.2,2.93,9.56,1095632.0,-0.396,3.206,8.2,equal_weight,atr,20,0.12,weekly
0.395,1.39,6.98,0.199,3.66,11.96,1119609.0,-0.396,3.207,8.2,equal_weight,atr,20,0.15,weekly
0.394,1.82,9.25,0.197,4.88,15.95,1159514.0,-0.396,3.208,8.2,equal_weight,atr,20,0.2,weekly
0.761,3.25,8.25,0.394,4.33,29.98,1299849.0,-0.245,5.256,8.2,inverse_vol,atr,20,0.12,weekly
0.775,4.1,10.24,0.4,5.37,38.98,1389804.0,-0.205,5.222,8.2,inverse_vol,atr,20,0.15,weekly
0.778,5.4,13.5,0.4,7.08,53.82,1538179.0,-0.186,5.354,8.2,inverse_vol,atr,20,0.2,weekly
1.06,7.98,15.55,0.513,7.51,87.66,1876557.0,-0.051,17.383,8.2,hrp,atr,20,0.12,weekly
1.112,9.42,15.29,0.616,8.41,109.06,2090577.0,0.514,13.071,8.2,hrp,atr,20,0.15,weekly
1.086,9.89,14.51,0.682,9.06,116.53,2165276.0,0.523,11.837,8.2,hrp,atr,20,0.2,weekly
