sharpe,cagr,max_dd,n_trades,n_bars,total_return,symbol,signal_id,signal_name,family,speed
0.168,0.45,8.09,77,2067,3.72,6J,MA-01,EMA(10/30),MA,fast
0.541,1.47,3.69,23,2067,12.68,6J,MA-02,EMA(20/50),MA,medium
-0.055,-0.19,6.9,11,2067,-1.57,6J,MA-03,SMA(50/200),MA,slow
0.42,1.15,5.09,29,2067,9.82,6J,MA-04,EMA(10/100),MA,asymmetric
-0.592,-1.9,17.17,137,2067,-14.57,6J,MA-05,Hull(20/50),MA,fast
-0.506,-1.59,16.55,237,2067,-12.28,6J,TS-01,TSMOM(21d),TS,fast
0.334,0.9,4.06,100,2067,7.65,6J,TS-02,TSMOM(63d),TS,medium
-0.246,-0.75,10.55,68,2067,-5.97,6J,TS-03,TSMOM(126d),TS,medium
-0.021,-0.09,7.42,77,2067,-0.77,6J,TS-04,TSMOM(252d),TS,slow
0.102,0.23,5.95,217,2067,1.94,6J,TS-05,TSMOM(blend),TS,blend
-0.311,-0.81,8.24,118,2067,-6.42,6J,BR-01,Donchian(20/10),BR,medium
0.045,0.08,3.89,58,2067,0.65,6J,BR-02,Donchian(55/20),BR,slow
-0.246,-0.56,8.08,139,2067,-4.47,6J,BR-03,"ATR Channel(20,2)",BR,medium
-0.845,-2.86,21.65,204,2067,-21.15,6J,MC-01,MACD(12/26/9),MC,medium
-1.089,-3.7,26.64,279,2067,-26.6,6J,MC-02,MACD(8/21/5),MC,fast
-0.47,-1.54,17.74,138,2067,-11.95,6J,MC-03,MACD(16/36/12),MC,slow
-0.591,-1.91,18.79,321,2067,-14.59,6J,SE-01,Price>EMA(20),SE,fast
-0.213,-0.68,11.57,187,2067,-5.47,6J,SE-02,Price>EMA(50),SE,medium
0.168,0.44,4.65,103,2067,3.65,6J,SE-03,Price>EMA(100),SE,slow
0.436,1.09,3.67,53,1966,8.79,ES,MA-01,EMA(10/30),MA,fast
0.277,0.69,5.77,31,1966,5.49,ES,MA-02,EMA(20/50),MA,medium
0.35,0.81,4.77,9,1966,6.51,ES,MA-03,SMA(50/200),MA,slow
0.461,1.16,4.76,29,1966,9.43,ES,MA-04,EMA(10/100),MA,asymmetric
-0.103,-0.29,9.63,118,1966,-2.25,ES,MA-05,Hull(20/50),MA,fast
0.44,1.07,3.76,141,1966,8.64,ES,TS-01,TSMOM(21d),TS,fast
0.465,1.13,5.04,68,1966,9.12,ES,TS-02,TSMOM(63d),TS,medium
0.255,0.62,7.2,51,1966,4.9,ES,TS-03,TSMOM(126d),TS,medium
0.518,1.19,3.98,26,1966,9.64,ES,TS-04,TSMOM(252d),TS,slow
0.414,0.99,5.46,132,1966,7.95,ES,TS-05,TSMOM(blend),TS,blend
0.21,0.44,6.19,120,1966,3.52,ES,BR-01,Donchian(20/10),BR,medium
0.484,0.97,4.15,50,1966,7.82,ES,BR-02,Donchian(55/20),BR,slow
-0.018,-0.06,4.33,141,1966,-0.46,ES,BR-03,"ATR Channel(20,2)",BR,medium
-0.016,-0.07,6.42,157,1966,-0.57,ES,MC-01,MACD(12/26/9),MC,medium
0.232,0.56,4.66,248,1966,4.42,ES,MC-02,MACD(8/21/5),MC,fast
-0.145,-0.41,6.86,137,1966,-3.19,ES,MC-03,MACD(16/36/12),MC,slow
0.362,0.87,5.26,218,1966,6.98,ES,SE-01,Price>EMA(20),SE,fast
0.428,1.05,6.47,143,1966,8.51,ES,SE-02,Price>EMA(50),SE,medium
0.161,0.39,7.22,99,1966,3.1,ES,SE-03,Price>EMA(100),SE,slow
0.339,0.87,5.76,74,2067,7.37,GC,MA-01,EMA(10/30),MA,fast
0.66,1.7,4.86,42,2067,14.82,GC,MA-02,EMA(20/50),MA,medium
0.487,1.21,9.63,14,2067,10.36,GC,MA-03,SMA(50/200),MA,slow
0.734,1.89,4.09,40,2067,16.59,GC,MA-04,EMA(10/100),MA,asymmetric
-0.188,-0.56,8.37,130,2067,-4.49,GC,MA-05,Hull(20/50),MA,fast
0.247,0.62,6.84,247,2067,5.2,GC,TS-01,TSMOM(21d),TS,fast
0.58,1.45,5.29,77,2067,12.54,GC,TS-02,TSMOM(63d),TS,medium
0.756,1.89,6.81,42,2067,16.59,GC,TS-03,TSMOM(126d),TS,medium
0.553,1.39,9.02,44,2067,11.97,GC,TS-04,TSMOM(252d),TS,slow
0.563,1.39,8.5,167,2067,11.95,GC,TS-05,TSMOM(blend),TS,blend
0.315,0.7,4.68,97,2067,5.85,GC,BR-01,Donchian(20/10),BR,medium
0.76,1.68,3.96,40,2067,14.59,GC,BR-02,Donchian(55/20),BR,slow
0.295,0.59,5.43,129,2067,4.97,GC,BR-03,"ATR Channel(20,2)",BR,medium
0.034,0.06,5.46,179,2067,0.46,GC,MC-01,MACD(12/26/9),MC,medium
-0.015,-0.08,12.39,249,2067,-0.68,GC,MC-02,MACD(8/21/5),MC,fast
-0.037,-0.14,8.0,125,2067,-1.11,GC,MC-03,MACD(16/36/12),MC,slow
0.088,0.2,9.42,293,2067,1.67,GC,SE-01,Price>EMA(20),SE,fast
0.295,0.76,8.39,178,2067,6.43,GC,SE-02,Price>EMA(50),SE,medium
0.704,1.81,6.54,112,2067,15.83,GC,SE-03,Price>EMA(100),SE,slow
-0.161,-0.49,12.87,84,2067,-3.96,HG,MA-01,EMA(10/30),MA,fast
0.151,0.38,7.2,44,2067,3.13,HG,MA-02,EMA(20/50),MA,medium
0.106,0.26,7.54,18,2067,2.11,HG,MA-03,SMA(50/200),MA,slow
0.112,0.27,7.36,40,2067,2.25,HG,MA-04,EMA(10/100),MA,asymmetric
-0.003,-0.05,8.4,134,2067,-0.4,HG,MA-05,Hull(20/50),MA,fast
0.049,0.1,7.88,233,2067,0.8,HG,TS-01,TSMOM(21d),TS,fast
-0.046,-0.16,8.97,126,2067,-1.34,HG,TS-02,TSMOM(63d),TS,medium
0.038,0.07,5.48,92,2067,0.56,HG,TS-03,TSMOM(126d),TS,medium
0.37,0.94,3.55,54,2067,7.93,HG,TS-04,TSMOM(252d),TS,slow
-0.035,-0.12,6.95,265,2067,-1.0,HG,TS-05,TSMOM(blend),TS,blend
-0.044,-0.14,8.43,118,2067,-1.11,HG,BR-01,Donchian(20/10),BR,medium
-0.05,-0.14,8.48,60,2067,-1.1,HG,BR-02,Donchian(55/20),BR,slow
0.026,0.03,6.71,134,2067,0.27,HG,BR-03,"ATR Channel(20,2)",BR,medium
0.141,0.36,5.15,184,2067,3.02,HG,MC-01,MACD(12/26/9),MC,medium
-0.295,-0.95,10.8,284,2067,-7.5,HG,MC-02,MACD(8/21/5),MC,fast
0.161,0.41,5.04,118,2067,3.43,HG,MC-03,MACD(16/36/12),MC,slow
-0.237,-0.75,8.22,324,2067,-5.95,HG,SE-01,Price>EMA(20),SE,fast
-0.188,-0.58,9.38,190,2067,-4.67,HG,SE-02,Price>EMA(50),SE,medium
0.046,0.09,8.96,128,2067,0.72,HG,SE-03,Price>EMA(100),SE,slow
0.579,1.49,3.12,40,1610,9.93,LE,MA-01,EMA(10/30),MA,fast
0.548,1.43,4.48,20,1610,9.47,LE,MA-02,EMA(20/50),MA,medium
-0.048,-0.17,12.63,9,1610,-1.1,LE,MA-03,SMA(50/200),MA,slow
0.374,0.98,4.87,26,1610,6.42,LE,MA-04,EMA(10/100),MA,asymmetric
-0.819,-2.46,15.8,106,1610,-14.68,LE,MA-05,Hull(20/50),MA,fast
0.201,0.51,5.37,145,1610,3.28,LE,TS-01,TSMOM(21d),TS,fast
0.502,1.3,3.89,51,1610,8.57,LE,TS-02,TSMOM(63d),TS,medium
0.249,0.64,6.38,29,1610,4.17,LE,TS-03,TSMOM(126d),TS,medium
0.788,1.89,3.58,30,1610,12.67,LE,TS-04,TSMOM(252d),TS,slow
0.754,1.84,3.23,118,1610,12.34,LE,TS-05,TSMOM(blend),TS,blend
0.061,0.12,4.71,89,1610,0.75,LE,BR-01,Donchian(20/10),BR,medium
0.348,0.77,3.81,37,1610,5.05,LE,BR-02,Donchian(55/20),BR,slow
0.106,0.19,4.68,103,1610,1.2,LE,BR-03,"ATR Channel(20,2)",BR,medium
-0.07,-0.24,10.13,128,1610,-1.51,LE,MC-01,MACD(12/26/9),MC,medium
-0.07,-0.24,7.53,187,1610,-1.51,LE,MC-02,MACD(8/21/5),MC,fast
-0.134,-0.41,11.7,104,1610,-2.56,LE,MC-03,MACD(16/36/12),MC,slow
-0.124,-0.39,6.53,190,1610,-2.47,LE,SE-01,Price>EMA(20),SE,fast
0.791,2.04,2.9,78,1610,13.73,LE,SE-02,Price>EMA(50),SE,medium
0.532,1.39,4.38,66,1610,9.2,LE,SE-03,Price>EMA(100),SE,slow
0.489,1.17,3.52,59,1980,9.54,NQ,MA-01,EMA(10/30),MA,fast
0.433,1.03,3.74,39,1980,8.37,NQ,MA-02,EMA(20/50),MA,medium
0.697,1.56,3.66,9,1980,12.9,NQ,MA-03,SMA(50/200),MA,slow
0.601,1.44,3.42,27,1980,11.88,NQ,MA-04,EMA(10/100),MA,asymmetric
-0.338,-0.89,9.04,124,1980,-6.76,NQ,MA-05,Hull(20/50),MA,fast
0.597,1.4,3.48,158,1980,11.57,NQ,TS-01,TSMOM(21d),TS,fast
0.397,0.93,3.92,73,1980,7.56,NQ,TS-02,TSMOM(63d),TS,medium
0.506,1.19,5.13,31,1980,9.7,NQ,TS-03,TSMOM(126d),TS,medium
0.688,1.51,3.18,31,1980,12.52,NQ,TS-04,TSMOM(252d),TS,slow
0.455,1.06,4.38,136,1980,8.6,NQ,TS-05,TSMOM(blend),TS,blend
0.418,0.86,2.45,111,1980,6.99,NQ,BR-01,Donchian(20/10),BR,medium
0.66,1.32,2.12,46,1980,10.86,NQ,BR-02,Donchian(55/20),BR,slow
0.242,0.45,3.89,135,1980,3.62,NQ,BR-03,"ATR Channel(20,2)",BR,medium
-0.017,-0.07,5.47,159,1980,-0.58,NQ,MC-01,MACD(12/26/9),MC,medium
-0.005,-0.04,4.93,254,1980,-0.35,NQ,MC-02,MACD(8/21/5),MC,fast
-0.332,-0.89,7.32,131,1980,-6.81,NQ,MC-03,MACD(16/36/12),MC,slow
0.378,0.89,3.66,218,1980,7.19,NQ,SE-01,Price>EMA(20),SE,fast
0.492,1.18,4.55,131,1980,9.65,NQ,SE-02,Price>EMA(50),SE,medium
0.425,1.04,5.49,87,1980,8.44,NQ,SE-03,Price>EMA(100),SE,slow
-0.25,-0.69,13.27,84,2067,-5.5,SI,MA-01,EMA(10/30),MA,fast
-0.094,-0.27,10.72,52,2067,-2.23,SI,MA-02,EMA(20/50),MA,medium
-0.002,-0.04,9.34,14,2067,-0.3,SI,MA-03,SMA(50/200),MA,slow
0.009,-0.01,9.23,38,2067,-0.08,SI,MA-04,EMA(10/100),MA,asymmetric
-0.538,-1.49,15.9,137,2067,-11.54,SI,MA-05,Hull(20/50),MA,fast
-0.204,-0.55,12.45,238,2067,-4.44,SI,TS-01,TSMOM(21d),TS,fast
-0.505,-1.4,17.95,156,2067,-10.88,SI,TS-02,TSMOM(63d),TS,medium
0.316,0.73,6.93,102,2067,6.14,SI,TS-03,TSMOM(126d),TS,medium
0.276,0.63,7.34,43,2067,5.24,SI,TS-04,TSMOM(252d),TS,slow
0.039,0.06,8.14,267,2067,0.53,SI,TS-05,TSMOM(blend),TS,blend
-0.161,-0.38,8.07,99,2067,-3.06,SI,BR-01,Donchian(20/10),BR,medium
-0.031,-0.08,9.05,53,2067,-0.67,SI,BR-02,Donchian(55/20),BR,slow
-0.352,-0.68,8.98,135,2067,-5.47,SI,BR-03,"ATR Channel(20,2)",BR,medium
-0.327,-0.91,10.52,175,2067,-7.19,SI,MC-01,MACD(12/26/9),MC,medium
-0.389,-1.07,10.5,277,2067,-8.45,SI,MC-02,MACD(8/21/5),MC,fast
-0.302,-0.82,9.23,136,2067,-6.51,SI,MC-03,MACD(16/36/12),MC,slow
-0.162,-0.45,8.08,295,2067,-3.65,SI,SE-01,Price>EMA(20),SE,fast
-0.14,-0.39,11.62,192,2067,-3.17,SI,SE-02,Price>EMA(50),SE,medium
-0.002,-0.04,9.24,116,2067,-0.31,SI,SE-03,Price>EMA(100),SE,slow
0.905,2.52,3.32,42,1523,16.18,ZN,MA-01,EMA(10/30),MA,fast
0.666,1.87,4.18,23,1523,11.85,ZN,MA-02,EMA(20/50),MA,medium
0.885,2.29,4.0,8,1523,14.64,ZN,MA-03,SMA(50/200),MA,slow
0.707,1.97,4.46,23,1523,12.51,ZN,MA-04,EMA(10/100),MA,asymmetric
-0.082,-0.29,5.26,103,1523,-1.75,ZN,MA-05,Hull(20/50),MA,fast
0.355,1.03,4.63,155,1523,6.38,ZN,TS-01,TSMOM(21d),TS,fast
0.341,0.95,5.89,54,1523,5.88,ZN,TS-02,TSMOM(63d),TS,medium
0.674,1.82,4.88,36,1523,11.51,ZN,TS-03,TSMOM(126d),TS,medium
0.471,1.22,6.49,35,1523,7.62,ZN,TS-04,TSMOM(252d),TS,slow
0.441,1.15,4.39,149,1523,7.12,ZN,TS-05,TSMOM(blend),TS,blend
0.848,2.17,4.74,77,1523,13.85,ZN,BR-01,Donchian(20/10),BR,medium
0.867,2.03,2.8,35,1523,12.87,ZN,BR-02,Donchian(55/20),BR,slow
0.522,1.26,2.86,106,1523,7.82,ZN,BR-03,"ATR Channel(20,2)",BR,medium
0.031,0.05,5.24,124,1523,0.29,ZN,MC-01,MACD(12/26/9),MC,medium
-0.429,-1.35,12.54,196,1523,-7.89,ZN,MC-02,MACD(8/21/5),MC,fast
-0.003,-0.06,4.49,90,1523,-0.34,ZN,MC-03,MACD(16/36/12),MC,slow
0.6,1.68,4.2,184,1523,10.61,ZN,SE-01,Price>EMA(20),SE,fast
0.683,1.91,3.52,100,1523,12.12,ZN,SE-02,Price>EMA(50),SE,medium
0.645,1.79,5.8,61,1523,11.3,ZN,SE-03,Price>EMA(100),SE,slow
0.108,0.13,3.58,64,1962,0.98,ZS,MA-01,EMA(10/30),MA,fast
0.107,0.12,3.8,40,1962,0.97,ZS,MA-02,EMA(20/50),MA,medium
-0.439,-0.55,6.74,14,1962,-4.23,ZS,MA-03,SMA(50/200),MA,slow
-0.214,-0.27,5.61,44,1962,-2.1,ZS,MA-04,EMA(10/100),MA,asymmetric
-0.815,-1.08,9.4,123,1962,-8.12,ZS,MA-05,Hull(20/50),MA,fast
0.082,0.1,2.6,162,1962,0.76,ZS,TS-01,TSMOM(21d),TS,fast
-0.503,-0.65,6.06,115,1962,-4.98,ZS,TS-02,TSMOM(63d),TS,medium
-0.448,-0.58,5.63,79,1962,-4.4,ZS,TS-03,TSMOM(126d),TS,medium
0.254,0.3,2.29,48,1962,2.36,ZS,TS-04,TSMOM(252d),TS,slow
-0.406,-0.47,4.2,237,1962,-3.62,ZS,TS-05,TSMOM(blend),TS,blend
-0.084,-0.1,3.62,97,1962,-0.77,ZS,BR-01,Donchian(20/10),BR,medium
0.19,0.18,2.35,56,1962,1.41,ZS,BR-02,Donchian(55/20),BR,slow
-0.416,-0.41,4.11,139,1962,-3.14,ZS,BR-03,"ATR Channel(20,2)",BR,medium
-0.979,-1.34,11.03,174,1962,-9.99,ZS,MC-01,MACD(12/26/9),MC,medium
-1.405,-2.0,15.29,253,1962,-14.53,ZS,MC-02,MACD(8/21/5),MC,fast
-0.566,-0.75,7.04,122,1962,-5.71,ZS,MC-03,MACD(16/36/12),MC,slow
-0.659,-0.94,8.0,260,1962,-7.07,ZS,SE-01,Price>EMA(20),SE,fast
-0.573,-0.78,6.42,162,1962,-5.87,ZS,SE-02,Price>EMA(50),SE,medium
-0.268,-0.36,4.86,118,1962,-2.73,ZS,SE-03,Price>EMA(100),SE,slow
0.625,2.31,8.13,34,1295,12.44,ZT,MA-01,EMA(10/30),MA,fast
1.077,3.97,4.8,10,1295,22.09,ZT,MA-02,EMA(20/50),MA,medium
0.982,3.44,3.55,6,1295,18.94,ZT,MA-03,SMA(50/200),MA,slow
0.878,3.25,5.47,14,1295,17.85,ZT,MA-04,EMA(10/100),MA,asymmetric
-0.056,-0.31,5.72,70,1295,-1.57,ZT,MA-05,Hull(20/50),MA,fast
0.568,2.17,6.17,130,1295,11.63,ZT,TS-01,TSMOM(21d),TS,fast
0.734,2.71,5.42,49,1295,14.71,ZT,TS-02,TSMOM(63d),TS,medium
0.799,2.99,5.49,28,1295,16.33,ZT,TS-03,TSMOM(126d),TS,medium
0.803,2.74,5.73,13,1295,14.87,ZT,TS-04,TSMOM(252d),TS,slow
0.903,3.21,6.37,81,1295,17.61,ZT,TS-05,TSMOM(blend),TS,blend
0.222,0.73,6.1,83,1295,3.79,ZT,BR-01,Donchian(20/10),BR,medium
0.54,1.72,4.45,34,1295,9.14,ZT,BR-02,Donchian(55/20),BR,slow
0.166,0.47,4.84,96,1295,2.45,ZT,BR-03,"ATR Channel(20,2)",BR,medium
-0.591,-2.62,15.87,106,1295,-12.76,ZT,MC-01,MACD(12/26/9),MC,medium
0.061,0.17,5.33,142,1295,0.86,ZT,MC-02,MACD(8/21/5),MC,fast
-0.269,-1.26,10.02,67,1295,-6.29,ZT,MC-03,MACD(16/36/12),MC,slow
0.442,1.64,5.53,144,1295,8.73,ZT,SE-01,Price>EMA(20),SE,fast
0.691,2.54,7.03,64,1295,13.71,ZT,SE-02,Price>EMA(50),SE,medium
0.899,3.33,5.06,32,1295,18.29,ZT,SE-03,Price>EMA(100),SE,slow
