sharpe,cagr_pct,max_dd_pct,calmar,realized_vol_pct,total_return_pct,final_equity,skew,kurtosis,n_years,allocation,vol_method,vol_window,vol_target,rebalance_freq,signal_id,signal_name,test,rebal_threshold
1.026,5.09,6.38,0.798,5.82,35.12,675620.0,-0.147,1.875,6.1,equal_weight,atr,20,0.12,daily,TS-04,TSMOM(252d),vol_estimation,
1.019,5.48,5.31,1.03,6.46,42.94,714711.0,-0.209,2.498,6.7,equal_weight,atr,20,0.12,daily,MA-04,EMA(10/100),vol_estimation,
0.862,4.66,6.02,0.774,6.23,32.73,663663.0,-0.227,2.231,6.2,equal_weight,atr,20,0.12,daily,MA-03,SMA(50/200),vol_estimation,
0.967,5.03,5.17,0.972,6.18,38.96,694784.0,-0.088,2.657,6.7,equal_weight,atr,20,0.12,daily,MA-02,EMA(20/50),vol_estimation,
0.915,4.42,7.03,0.628,6.04,33.6,668009.0,0.009,1.989,6.7,equal_weight,atr,20,0.12,daily,SE-02,Price>EMA(50),vol_estimation,
0.991,4.98,6.28,0.793,5.84,34.27,671363.0,-0.224,1.994,6.1,equal_weight,atr,40,0.12,daily,TS-04,TSMOM(252d),vol_estimation,
1.017,5.67,4.95,1.147,6.68,44.1,720513.0,-0.27,3.0,6.6,equal_weight,atr,40,0.12,daily,MA-04,EMA(10/100),vol_estimation,
0.875,4.81,6.4,0.751,6.31,33.9,669518.0,-0.261,2.267,6.2,equal_weight,atr,40,0.12,daily,MA-03,SMA(50/200),vol_estimation,
0.923,4.99,4.42,1.128,6.35,38.02,690087.0,-0.092,3.446,6.6,equal_weight,atr,40,0.12,daily,MA-02,EMA(20/50),vol_estimation,
0.894,4.52,6.54,0.691,6.27,34.03,670152.0,0.091,2.958,6.6,equal_weight,atr,40,0.12,daily,SE-02,Price>EMA(50),vol_estimation,
0.927,4.69,6.66,0.704,5.84,32.04,660218.0,-0.276,2.425,6.1,equal_weight,atr,60,0.12,daily,TS-04,TSMOM(252d),vol_estimation,
0.943,5.39,4.73,1.14,6.76,40.98,704885.0,-0.336,3.838,6.5,equal_weight,atr,60,0.12,daily,MA-04,EMA(10/100),vol_estimation,
0.855,4.79,6.16,0.778,6.42,33.8,668977.0,-0.319,2.589,6.2,equal_weight,atr,60,0.12,daily,MA-03,SMA(50/200),vol_estimation,
0.827,4.58,5.18,0.883,6.42,34.02,670083.0,-0.103,4.681,6.5,equal_weight,atr,60,0.12,daily,MA-02,EMA(20/50),vol_estimation,
0.867,4.57,6.44,0.71,6.51,33.93,669667.0,0.182,4.404,6.5,equal_weight,atr,60,0.12,daily,SE-02,Price>EMA(50),vol_estimation,
0.161,1.51,22.74,0.066,11.23,9.51,547570.0,-24.001,795.999,6.1,equal_weight,ewma,20,0.12,daily,TS-04,TSMOM(252d),vol_estimation,
0.26,2.56,22.88,0.112,11.51,18.44,592179.0,-21.743,721.253,6.7,equal_weight,ewma,20,0.12,daily,MA-04,EMA(10/100),vol_estimation,
0.168,1.65,24.03,0.069,11.33,10.74,553675.0,-22.055,716.47,6.2,equal_weight,ewma,20,0.12,daily,MA-03,SMA(50/200),vol_estimation,
0.185,1.68,22.69,0.074,10.74,11.78,558891.0,-21.357,705.516,6.7,equal_weight,ewma,20,0.12,daily,MA-02,EMA(20/50),vol_estimation,
0.168,1.27,22.11,0.057,11.27,8.82,544081.0,-23.446,799.905,6.7,equal_weight,ewma,20,0.12,daily,SE-02,Price>EMA(50),vol_estimation,
-0.016,-0.39,29.83,-0.013,13.66,-2.32,488417.0,-30.859,1114.4,6.1,equal_weight,ewma,40,0.12,daily,TS-04,TSMOM(252d),vol_estimation,
0.088,1.06,30.19,0.035,14.18,7.2,536019.0,-29.744,1092.372,6.6,equal_weight,ewma,40,0.12,daily,MA-04,EMA(10/100),vol_estimation,
-0.023,-0.42,30.64,-0.014,13.65,-2.59,487048.0,-29.928,1078.353,6.2,equal_weight,ewma,40,0.12,daily,MA-03,SMA(50/200),vol_estimation,
0.005,-0.08,29.99,-0.003,13.13,-0.53,497361.0,-29.467,1079.813,6.6,equal_weight,ewma,40,0.12,daily,MA-02,EMA(20/50),vol_estimation,
-0.001,-0.48,29.7,-0.016,13.9,-3.16,484212.0,-30.848,1148.626,6.6,equal_weight,ewma,40,0.12,daily,SE-02,Price>EMA(50),vol_estimation,
-0.113,-2.0,35.3,-0.057,15.69,-11.55,442249.0,-33.843,1260.757,6.1,equal_weight,ewma,60,0.12,daily,TS-04,TSMOM(252d),vol_estimation,
-0.015,-0.38,35.74,-0.011,16.29,-2.45,487740.0,-33.113,1255.846,6.5,equal_weight,ewma,60,0.12,daily,MA-04,EMA(10/100),vol_estimation,
-0.113,-1.94,35.97,-0.054,15.72,-11.49,442540.0,-33.326,1245.156,6.2,equal_weight,ewma,60,0.12,daily,MA-03,SMA(50/200),vol_estimation,
-0.094,-1.61,35.53,-0.045,15.06,-10.05,449751.0,-32.844,1243.085,6.5,equal_weight,ewma,60,0.12,daily,MA-02,EMA(20/50),vol_estimation,
-0.068,-1.6,35.35,-0.045,16.32,-10.03,449849.0,-33.763,1290.292,6.5,equal_weight,ewma,60,0.12,daily,SE-02,Price>EMA(50),vol_estimation,
0.036,0.26,28.93,0.009,13.39,1.56,507805.0,-28.916,1021.536,6.1,equal_weight,realized,20,0.12,daily,TS-04,TSMOM(252d),vol_estimation,
0.121,1.37,28.99,0.047,13.53,9.53,547633.0,-27.264,975.735,6.7,equal_weight,realized,20,0.12,daily,MA-04,EMA(10/100),vol_estimation,
0.024,0.17,30.32,0.006,13.21,1.07,505348.0,-27.474,961.709,6.2,equal_weight,realized,20,0.12,daily,MA-03,SMA(50/200),vol_estimation,
0.08,0.79,28.7,0.028,12.65,5.43,527172.0,-26.72,950.782,6.7,equal_weight,realized,20,0.12,daily,MA-02,EMA(20/50),vol_estimation,
0.056,0.2,28.25,0.007,13.38,1.32,506604.0,-28.568,1040.578,6.7,equal_weight,realized,20,0.12,daily,SE-02,Price>EMA(50),vol_estimation,
-0.1,-1.97,38.41,-0.051,17.18,-11.36,443214.0,-34.25,1281.033,6.1,equal_weight,realized,40,0.12,daily,TS-04,TSMOM(252d),vol_estimation,
-0.028,-0.65,38.87,-0.017,17.65,-4.24,478799.0,-33.92,1301.97,6.6,equal_weight,realized,40,0.12,daily,MA-04,EMA(10/100),vol_estimation,
-0.097,-1.83,39.12,-0.047,17.02,-10.85,445727.0,-33.667,1262.159,6.2,equal_weight,realized,40,0.12,daily,MA-03,SMA(50/200),vol_estimation,
-0.08,-1.52,38.66,-0.039,16.45,-9.64,451800.0,-33.537,1283.169,6.6,equal_weight,realized,40,0.12,daily,MA-02,EMA(20/50),vol_estimation,
-0.085,-2.05,38.94,-0.053,17.57,-12.79,436047.0,-34.528,1334.651,6.6,equal_weight,realized,40,0.12,daily,SE-02,Price>EMA(50),vol_estimation,
-0.204,-4.77,46.25,-0.103,20.15,-25.65,371743.0,-36.284,1383.64,6.1,equal_weight,realized,60,0.12,daily,TS-04,TSMOM(252d),vol_estimation,
-0.144,-3.39,46.84,-0.072,20.59,-20.22,398922.0,-36.293,1419.407,6.5,equal_weight,realized,60,0.12,daily,MA-04,EMA(10/100),vol_estimation,
-0.177,-4.08,46.65,-0.087,20.26,-22.82,385921.0,-36.063,1383.632,6.2,equal_weight,realized,60,0.12,daily,MA-03,SMA(50/200),vol_estimation,
-0.197,-4.38,46.61,-0.094,19.15,-25.42,372888.0,-35.989,1404.152,6.5,equal_weight,realized,60,0.12,daily,MA-02,EMA(20/50),vol_estimation,
-0.169,-4.45,46.98,-0.095,20.98,-25.78,371109.0,-36.573,1435.122,6.5,equal_weight,realized,60,0.12,daily,SE-02,Price>EMA(50),vol_estimation,
1.026,5.09,6.38,0.798,5.82,35.12,675620.0,-0.147,1.875,6.1,equal_weight,atr,20,0.12,daily,TS-04,TSMOM(252d),allocation,
1.019,5.48,5.31,1.03,6.46,42.94,714711.0,-0.209,2.498,6.7,equal_weight,atr,20,0.12,daily,MA-04,EMA(10/100),allocation,
0.862,4.66,6.02,0.774,6.23,32.73,663663.0,-0.227,2.231,6.2,equal_weight,atr,20,0.12,daily,MA-03,SMA(50/200),allocation,
0.967,5.03,5.17,0.972,6.18,38.96,694784.0,-0.088,2.657,6.7,equal_weight,atr,20,0.12,daily,MA-02,EMA(20/50),allocation,
0.915,4.42,7.03,0.628,6.04,33.6,668009.0,0.009,1.989,6.7,equal_weight,atr,20,0.12,daily,SE-02,Price>EMA(50),allocation,
0.835,4.62,7.54,0.613,6.58,31.56,657801.0,-0.05,2.508,6.1,inverse_vol,atr,20,0.12,daily,TS-04,TSMOM(252d),allocation,
0.927,5.67,7.02,0.807,7.5,44.69,723469.0,-0.008,2.95,6.7,inverse_vol,atr,20,0.12,daily,MA-04,EMA(10/100),allocation,
0.716,4.39,12.64,0.347,7.11,30.61,653040.0,-0.154,3.146,6.2,inverse_vol,atr,20,0.12,daily,MA-03,SMA(50/200),allocation,
0.908,5.27,6.55,0.806,7.03,41.13,705642.0,0.071,2.844,6.7,inverse_vol,atr,20,0.12,daily,MA-02,EMA(20/50),allocation,
0.664,3.28,6.77,0.485,6.65,24.17,620872.0,0.096,2.07,6.7,inverse_vol,atr,20,0.12,daily,SE-02,Price>EMA(50),allocation,
0.631,4.52,9.96,0.454,8.69,30.76,653814.0,0.254,3.754,6.1,hrp,atr,20,0.12,daily,TS-04,TSMOM(252d),allocation,
0.767,6.05,13.32,0.454,9.93,48.25,741247.0,0.296,3.971,6.7,hrp,atr,20,0.12,daily,MA-04,EMA(10/100),allocation,
0.542,4.21,19.87,0.212,9.13,29.27,646331.0,0.186,3.804,6.2,hrp,atr,20,0.12,daily,MA-03,SMA(50/200),allocation,
0.721,5.35,10.56,0.507,9.17,41.84,709185.0,0.272,4.215,6.7,hrp,atr,20,0.12,daily,MA-02,EMA(20/50),allocation,
0.393,1.99,10.71,0.186,8.24,14.14,570682.0,0.277,4.082,6.7,hrp,atr,20,0.12,daily,SE-02,Price>EMA(50),allocation,
1.034,3.4,4.27,0.795,3.69,22.46,612285.0,-0.153,1.793,6.1,equal_weight,atr,20,0.08,daily,TS-04,TSMOM(252d),vol_target,
1.028,3.65,3.57,1.024,4.05,27.2,636000.0,-0.22,2.361,6.7,equal_weight,atr,20,0.08,daily,MA-04,EMA(10/100),vol_target,
0.876,3.12,4.04,0.772,3.94,21.04,605201.0,-0.219,2.07,6.2,equal_weight,atr,20,0.08,daily,MA-03,SMA(50/200),vol_target,
0.964,3.36,3.46,0.972,3.94,24.83,624144.0,-0.095,2.565,6.7,equal_weight,atr,20,0.08,daily,MA-02,EMA(20/50),vol_target,
0.921,2.96,4.74,0.624,3.85,21.58,607923.0,0.028,1.937,6.7,equal_weight,atr,20,0.08,daily,SE-02,Price>EMA(50),vol_target,
1.03,4.24,5.33,0.796,4.73,28.66,643318.0,-0.15,1.832,6.1,equal_weight,atr,20,0.1,daily,TS-04,TSMOM(252d),vol_target,
1.024,4.57,4.44,1.027,5.22,34.88,674390.0,-0.214,2.426,6.7,equal_weight,atr,20,0.1,daily,MA-04,EMA(10/100),vol_target,
0.869,3.89,5.03,0.773,5.05,26.78,633915.0,-0.223,2.148,6.2,equal_weight,atr,20,0.1,daily,MA-03,SMA(50/200),vol_target,
0.966,4.2,4.32,0.972,5.04,31.74,658706.0,-0.092,2.606,6.7,equal_weight,atr,20,0.1,daily,MA-02,EMA(20/50),vol_target,
0.918,3.69,5.89,0.626,4.92,27.49,637430.0,0.019,1.96,6.7,equal_weight,atr,20,0.1,daily,SE-02,Price>EMA(50),vol_target,
1.026,5.09,6.38,0.798,5.82,35.12,675620.0,-0.147,1.875,6.1,equal_weight,atr,20,0.12,daily,TS-04,TSMOM(252d),vol_target,
1.019,5.48,5.31,1.03,6.46,42.94,714711.0,-0.209,2.498,6.7,equal_weight,atr,20,0.12,daily,MA-04,EMA(10/100),vol_target,
0.862,4.66,6.02,0.774,6.23,32.73,663663.0,-0.227,2.231,6.2,equal_weight,atr,20,0.12,daily,MA-03,SMA(50/200),vol_target,
0.967,5.03,5.17,0.972,6.18,38.96,694784.0,-0.088,2.657,6.7,equal_weight,atr,20,0.12,daily,MA-02,EMA(20/50),vol_target,
0.915,4.42,7.03,0.628,6.04,33.6,668009.0,0.009,1.989,6.7,equal_weight,atr,20,0.12,daily,SE-02,Price>EMA(50),vol_target,
1.021,6.35,7.94,0.801,7.55,45.31,726573.0,-0.143,1.945,6.1,equal_weight,atr,20,0.15,daily,TS-04,TSMOM(252d),vol_target,
1.011,6.84,6.61,1.035,8.47,55.79,778969.0,-0.201,2.619,6.7,equal_weight,atr,20,0.15,daily,MA-04,EMA(10/100),vol_target,
0.851,5.81,7.48,0.776,8.11,42.05,710269.0,-0.233,2.363,6.2,equal_weight,atr,20,0.15,daily,MA-03,SMA(50/200),vol_target,
0.968,6.28,6.45,0.974,7.98,50.37,751871.0,-0.082,2.752,6.7,equal_weight,atr,20,0.15,daily,MA-02,EMA(20/50),vol_target,
0.91,5.5,8.72,0.631,7.81,43.19,715955.0,-0.004,2.043,6.7,equal_weight,atr,20,0.15,daily,SE-02,Price>EMA(50),vol_target,
1.011,8.46,10.5,0.805,10.72,63.69,818432.0,-0.134,2.077,6.1,equal_weight,atr,20,0.2,daily,TS-04,TSMOM(252d),vol_target,
0.996,9.11,8.73,1.043,12.22,79.34,896715.0,-0.188,2.851,6.7,equal_weight,atr,20,0.2,daily,MA-04,EMA(10/100),vol_target,
0.833,7.71,9.88,0.78,11.57,58.68,793388.0,-0.243,2.598,6.2,equal_weight,atr,20,0.2,daily,MA-03,SMA(50/200),vol_target,
0.969,8.34,8.55,0.975,11.24,71.05,855262.0,-0.07,2.956,6.7,equal_weight,atr,20,0.2,daily,MA-02,EMA(20/50),vol_target,
0.901,7.3,11.48,0.636,11.03,60.31,801541.0,-0.026,2.163,6.7,equal_weight,atr,20,0.2,daily,SE-02,Price>EMA(50),vol_target,
1.034,3.4,4.27,0.795,3.69,22.46,612285.0,-0.153,1.793,6.1,equal_weight,atr,20,0.08,daily,TS-04,TSMOM(252d),rebalancing,0.0
1.028,3.65,3.57,1.024,4.05,27.2,636000.0,-0.22,2.361,6.7,equal_weight,atr,20,0.08,daily,MA-04,EMA(10/100),rebalancing,0.0
1.052,3.52,4.16,0.846,3.75,23.34,616724.0,-0.129,1.844,6.1,equal_weight,atr,20,0.08,daily,TS-04,TSMOM(252d),rebalancing,0.1
1.018,3.67,3.54,1.036,4.09,27.29,636474.0,-0.206,2.291,6.7,equal_weight,atr,20,0.08,daily,MA-04,EMA(10/100),rebalancing,0.1
0.989,3.39,4.68,0.723,3.82,22.39,611952.0,-0.164,1.824,6.1,equal_weight,atr,20,0.08,daily,TS-04,TSMOM(252d),rebalancing,0.25
0.981,3.65,3.57,1.021,4.21,27.13,635631.0,-0.23,2.39,6.7,equal_weight,atr,20,0.08,daily,MA-04,EMA(10/100),rebalancing,0.25
1.136,3.83,4.01,0.955,3.77,25.62,628119.0,-0.147,1.75,6.1,equal_weight,atr,20,0.08,weekly,TS-04,TSMOM(252d),rebalancing,0.0
1.068,3.87,2.7,1.43,4.12,28.95,644752.0,-0.246,2.41,6.7,equal_weight,atr,20,0.08,weekly,MA-04,EMA(10/100),rebalancing,0.0
1.128,3.83,4.18,0.916,3.79,25.62,628115.0,-0.14,1.7,6.1,equal_weight,atr,20,0.08,weekly,TS-04,TSMOM(252d),rebalancing,0.1
1.047,3.81,2.61,1.459,4.13,28.49,642465.0,-0.254,2.38,6.7,equal_weight,atr,20,0.08,weekly,MA-04,EMA(10/100),rebalancing,0.1
1.078,3.72,4.51,0.825,3.84,24.83,624131.0,-0.147,1.699,6.1,equal_weight,atr,20,0.08,weekly,TS-04,TSMOM(252d),rebalancing,0.25
1.035,3.87,2.75,1.406,4.24,28.96,644809.0,-0.276,2.538,6.7,equal_weight,atr,20,0.08,weekly,MA-04,EMA(10/100),rebalancing,0.25
