sharpe,cagr,max_dd,calmar,n_trades,win_rate,profit_factor,avg_win,avg_loss,avg_hold_days,total_return,final_equity,symbol,turnover_annual,signal_id,signal_name,signal_family,signal_speed
0.292,0.74,4.76,0.155,58,31.0,2.37,4372.0,-1843.0,49.6,6.13,530626.0,ES,20.33,MA-01,EMA(10/30),MA,fast
0.206,0.53,6.02,0.088,30,26.7,2.57,6284.0,-2446.0,89.4,4.33,521654.0,ES,14.21,MA-02,EMA(20/50),MA,medium
0.421,1.0,4.59,0.218,8,37.5,3.23,14395.0,-4458.0,306.6,8.35,541775.0,ES,9.47,MA-03,SMA(50/200),MA,slow
0.268,0.68,6.87,0.099,30,23.3,4.18,8479.0,-2030.0,89.4,5.61,528055.0,ES,14.38,MA-04,EMA(10/100),MA,asymmetric
-0.394,-1.04,11.77,-0.089,126,37.3,1.19,2737.0,-2303.0,22.5,-8.1,459478.0,ES,40.89,MA-05,Hull(20/50),MA,fast
0.385,0.97,4.52,0.215,154,35.7,2.03,2284.0,-1127.0,18.6,8.08,540422.0,ES,42.11,TS-01,TSMOM(21d),TS,fast
0.563,1.36,4.13,0.33,89,33.7,2.89,2687.0,-930.0,29.3,11.52,557596.0,ES,31.03,TS-02,TSMOM(63d),TS,medium
0.129,0.32,8.29,0.039,70,20.0,4.28,5005.0,-1170.0,36.4,2.61,513067.0,ES,24.78,TS-03,TSMOM(126d),TS,medium
0.443,1.03,4.02,0.257,31,12.9,8.25,10883.0,-1320.0,74.0,8.63,543167.0,ES,15.93,TS-04,TSMOM(252d),TS,slow
0.402,0.95,5.29,0.179,96,32.3,2.34,2425.0,-1034.0,24.2,7.92,539585.0,ES,33.6,TS-05,TSMOM(blend),TS,blend
0.153,0.34,5.14,0.067,66,39.4,1.48,2743.0,-1855.0,35.3,2.8,514012.0,ES,25.82,BR-01,Donchian(20/10),BR,medium
0.462,0.96,4.3,0.224,27,66.7,1.2,3263.0,-2730.0,69.1,8.03,540161.0,ES,16.34,BR-02,Donchian(55/20),BR,slow
-0.11,-0.23,5.49,-0.043,76,36.8,1.46,2517.0,-1723.0,23.8,-1.87,490637.0,ES,35.98,BR-03,"ATR Channel(20,2)",BR,medium
0.051,0.13,5.19,0.026,176,37.5,1.66,2554.0,-1540.0,16.5,1.08,505397.0,ES,54.28,MC-01,MACD(12/26/9),MC,medium
0.241,0.62,3.21,0.192,244,37.3,1.95,2280.0,-1169.0,11.9,5.07,525351.0,ES,71.81,MC-02,MACD(8/21/5),MC,fast
-0.213,-0.57,7.65,-0.074,142,34.5,1.44,2652.0,-1837.0,20.4,-4.46,477678.0,ES,43.57,MC-03,MACD(16/36/12),MC,slow
0.114,0.29,5.91,0.05,234,27.8,2.74,2601.0,-948.0,12.4,2.4,512011.0,ES,62.41,SE-01,Price>EMA(20),SE,fast
0.498,1.24,5.04,0.246,130,28.5,3.43,2883.0,-839.0,22.3,10.45,552243.0,ES,35.38,SE-02,Price>EMA(50),SE,medium
0.228,0.58,7.26,0.08,96,15.6,5.39,4860.0,-902.0,27.9,4.79,523928.0,ES,29.47,SE-03,Price>EMA(100),SE,slow
0.433,1.05,3.81,0.276,60,30.0,2.74,4825.0,-1762.0,48.4,8.79,543940.0,NQ,19.49,MA-01,EMA(10/30),MA,fast
0.37,0.9,3.49,0.259,40,30.0,2.66,4811.0,-1809.0,67.0,7.51,537551.0,NQ,15.56,MA-02,EMA(20/50),MA,medium
0.724,1.63,3.61,0.452,8,50.0,6.27,18669.0,-2978.0,305.8,13.92,569602.0,NQ,9.12,MA-03,SMA(50/200),MA,slow
0.63,1.5,3.27,0.46,26,42.3,2.54,5364.0,-2111.0,103.1,12.77,563869.0,NQ,12.93,MA-04,EMA(10/100),MA,asymmetric
-0.415,-1.07,10.18,-0.105,122,37.7,1.12,2575.0,-2294.0,23.2,-8.29,458544.0,NQ,37.69,MA-05,Hull(20/50),MA,fast
0.511,1.23,3.1,0.398,154,30.5,2.65,2931.0,-1106.0,18.6,10.36,551790.0,NQ,40.89,TS-01,TSMOM(21d),TS,fast
0.471,1.11,4.5,0.247,71,38.0,1.87,2644.0,-1412.0,36.7,9.34,546678.0,NQ,23.67,TS-02,TSMOM(63d),TS,medium
0.569,1.32,5.28,0.251,38,23.7,4.45,6085.0,-1368.0,67.1,11.17,555874.0,NQ,14.82,TS-03,TSMOM(126d),TS,medium
0.545,1.22,3.93,0.311,37,18.9,4.64,5568.0,-1199.0,62.0,10.28,551411.0,NQ,17.77,TS-04,TSMOM(252d),TS,slow
0.548,1.24,3.94,0.316,72,38.9,1.93,2393.0,-1241.0,32.9,10.48,552393.0,NQ,25.76,TS-05,TSMOM(blend),TS,blend
0.464,0.97,3.26,0.298,62,40.3,1.81,3281.0,-1814.0,35.2,8.11,540533.0,NQ,24.92,BR-01,Donchian(20/10),BR,medium
0.539,1.12,2.59,0.433,26,53.8,1.73,4290.0,-2485.0,77.4,9.4,546982.0,NQ,15.14,BR-02,Donchian(55/20),BR,slow
0.13,0.26,3.49,0.073,74,40.5,1.49,2586.0,-1739.0,23.7,2.08,510383.0,NQ,35.74,BR-03,"ATR Channel(20,2)",BR,medium
-0.029,-0.07,6.17,-0.012,160,35.6,1.67,2753.0,-1651.0,18.1,-0.59,497072.0,NQ,48.75,MC-01,MACD(12/26/9),MC,medium
-0.016,-0.04,5.04,-0.008,254,33.1,2.01,2428.0,-1209.0,11.4,-0.32,498388.0,NQ,69.7,MC-02,MACD(8/21/5),MC,fast
-0.266,-0.69,7.39,-0.093,132,34.1,1.47,2777.0,-1893.0,22.0,-5.4,472987.0,NQ,38.97,MC-03,MACD(16/36/12),MC,slow
0.295,0.72,3.49,0.207,226,30.1,2.61,2318.0,-888.0,12.8,5.99,529934.0,NQ,60.55,SE-01,Price>EMA(20),SE,fast
0.564,1.35,4.25,0.318,132,27.3,3.61,3195.0,-886.0,22.0,11.43,557156.0,NQ,37.11,SE-02,Price>EMA(50),SE,medium
0.426,1.03,4.99,0.207,86,24.4,3.72,3849.0,-1035.0,33.4,8.65,543225.0,NQ,26.65,SE-03,Price>EMA(100),SE,slow
0.349,0.9,4.22,0.213,65,30.8,3.38,6625.0,-1958.0,44.4,7.58,537911.0,ZN,22.97,MA-01,EMA(10/30),MA,fast
0.742,1.84,3.66,0.502,27,44.4,4.87,11052.0,-2271.0,107.2,16.06,580301.0,ZN,13.45,MA-02,EMA(20/50),MA,medium
0.434,1.06,5.45,0.194,13,23.1,7.42,32793.0,-4417.0,186.1,9.01,545026.0,ZN,9.98,MA-03,SMA(50/200),MA,slow
0.615,1.54,3.98,0.387,34,26.5,9.65,14810.0,-1535.0,85.6,13.33,566670.0,ZN,14.96,MA-04,EMA(10/100),MA,asymmetric
0.256,0.66,5.7,0.116,128,38.3,1.95,3584.0,-1841.0,22.1,5.52,527585.0,ZN,39.24,MA-05,Hull(20/50),MA,fast
-0.402,-1.12,9.49,-0.118,231,28.1,2.09,2472.0,-1184.0,12.4,-8.79,456059.0,ZN,66.14,TS-01,TSMOM(21d),TS,fast
0.193,0.5,9.18,0.054,97,33.0,2.98,4425.0,-1484.0,29.1,4.15,520771.0,ZN,31.42,TS-02,TSMOM(63d),TS,medium
0.329,0.82,9.24,0.089,59,28.8,4.68,6807.0,-1453.0,44.9,6.95,534764.0,ZN,22.69,TS-03,TSMOM(126d),TS,medium
0.398,0.96,6.02,0.16,34,23.5,10.48,14187.0,-1353.0,72.6,8.17,540836.0,ZN,16.48,TS-04,TSMOM(252d),TS,slow
0.029,0.07,10.54,0.007,125,23.2,4.12,4539.0,-1102.0,19.0,0.57,502830.0,ZN,45.84,TS-05,TSMOM(blend),TS,blend
0.128,0.29,4.62,0.062,68,39.7,1.69,4134.0,-2449.0,28.4,2.36,511805.0,ZN,31.87,BR-01,Donchian(20/10),BR,medium
0.61,1.24,3.56,0.349,28,46.4,3.03,7867.0,-2597.0,65.1,10.63,553162.0,ZN,17.75,BR-02,Donchian(55/20),BR,slow
0.062,0.13,7.31,0.018,78,32.1,2.27,4272.0,-1884.0,21.8,1.06,505302.0,ZN,40.26,BR-03,"ATR Channel(20,2)",BR,medium
0.371,0.96,3.09,0.309,158,33.5,2.56,3550.0,-1387.0,18.4,8.09,540470.0,ZN,45.72,MC-01,MACD(12/26/9),MC,medium
-0.536,-1.52,15.04,-0.101,292,28.8,1.89,2332.0,-1231.0,10.0,-11.75,441253.0,ZN,77.66,MC-02,MACD(8/21/5),MC,fast
0.377,0.97,4.39,0.22,111,35.1,2.55,4306.0,-1686.0,26.0,8.19,540974.0,ZN,33.66,MC-03,MACD(16/36/12),MC,slow
-0.037,-0.1,7.54,-0.013,285,21.4,3.43,2896.0,-843.0,10.2,-0.82,495911.0,ZN,79.4,SE-01,Price>EMA(20),SE,fast
0.127,0.34,4.97,0.067,175,17.7,4.88,4440.0,-909.0,16.6,2.78,513894.0,ZN,50.35,SE-02,Price>EMA(50),SE,medium
0.279,0.72,4.32,0.167,100,17.0,6.26,6735.0,-1075.0,29.1,6.08,530404.0,ZN,33.39,SE-03,Price>EMA(100),SE,slow
0.558,1.86,5.37,0.347,57,24.6,4.03,9196.0,-2283.0,48.8,13.74,568677.0,GC,25.91,MA-01,EMA(10/30),MA,fast
0.911,2.94,4.62,0.635,31,25.8,2.7,6949.0,-2576.0,68.2,22.37,611846.0,GC,19.79,MA-02,EMA(20/50),MA,medium
0.826,2.57,10.46,0.245,9,33.3,2.99,20778.0,-6956.0,196.1,19.32,596594.0,GC,14.12,MA-03,SMA(50/200),MA,slow
0.933,3.0,7.64,0.393,29,24.1,3.21,7940.0,-2474.0,72.8,22.91,614527.0,GC,18.4,MA-04,EMA(10/100),MA,asymmetric
-0.086,-0.3,11.72,-0.026,106,34.0,1.84,5123.0,-2778.0,26.2,-2.1,489518.0,GC,40.61,MA-05,Hull(20/50),MA,fast
0.191,0.66,11.31,0.059,172,28.5,2.75,4231.0,-1537.0,16.5,4.71,523561.0,GC,52.97,TS-01,TSMOM(21d),TS,fast
0.87,2.8,6.53,0.428,62,22.6,8.66,12690.0,-1465.0,43.0,21.19,605968.0,GC,32.59,TS-02,TSMOM(63d),TS,medium
0.445,1.46,13.67,0.107,52,19.2,2.35,4944.0,-2100.0,37.1,10.63,553173.0,GC,28.29,TS-03,TSMOM(126d),TS,medium
0.857,2.61,6.41,0.407,32,21.9,4.0,7126.0,-1781.0,47.2,19.66,598310.0,GC,22.58,TS-04,TSMOM(252d),TS,slow
0.762,2.38,10.1,0.235,81,22.2,5.74,8532.0,-1486.0,29.7,17.79,588972.0,GC,41.9,TS-05,TSMOM(blend),TS,blend
0.538,1.53,6.35,0.241,58,37.9,2.53,6726.0,-2664.0,33.7,11.19,555943.0,GC,31.4,BR-01,Donchian(20/10),BR,medium
0.741,2.03,6.05,0.335,23,47.8,2.0,7289.0,-3644.0,77.2,15.03,575143.0,GC,20.85,BR-02,Donchian(55/20),BR,slow
0.34,0.96,5.32,0.18,78,33.3,2.59,5865.0,-2265.0,23.5,6.86,534302.0,GC,44.4,BR-03,"ATR Channel(20,2)",BR,medium
0.217,0.75,4.8,0.156,142,31.7,2.47,4578.0,-1854.0,20.5,5.34,526722.0,GC,49.31,MC-01,MACD(12/26/9),MC,medium
-0.09,-0.32,11.18,-0.029,224,31.7,2.0,3186.0,-1592.0,13.0,-2.22,488916.0,GC,74.07,MC-02,MACD(8/21/5),MC,fast
-0.045,-0.16,10.13,-0.016,113,30.1,2.23,5169.0,-2316.0,25.6,-1.1,494516.0,GC,39.89,MC-03,MACD(16/36/12),MC,slow
0.061,0.22,10.66,0.02,247,18.6,4.28,4584.0,-1072.0,11.6,1.51,507550.0,GC,76.9,SE-01,Price>EMA(20),SE,fast
0.661,2.18,7.5,0.291,135,20.0,5.74,6214.0,-1083.0,20.6,16.26,581309.0,GC,52.83,SE-02,Price>EMA(50),SE,medium
0.799,2.61,8.54,0.305,95,13.7,5.59,5901.0,-1056.0,23.5,19.64,598192.0,GC,40.18,SE-03,Price>EMA(100),SE,slow
0.132,0.33,6.12,0.054,71,28.2,2.7,4808.0,-1781.0,39.7,2.74,513684.0,CL,22.96,MA-01,EMA(10/30),MA,fast
0.009,0.02,6.82,0.003,43,30.2,2.06,5018.0,-2442.0,64.3,0.18,500917.0,CL,17.81,MA-02,EMA(20/50),MA,medium
-0.053,-0.13,7.62,-0.017,13,38.5,1.63,11710.0,-7177.0,165.8,-1.06,494724.0,CL,10.33,MA-03,SMA(50/200),MA,slow
-0.048,-0.12,5.24,-0.023,43,25.6,2.28,5123.0,-2245.0,64.3,-1.0,495019.0,CL,17.75,MA-04,EMA(10/100),MA,asymmetric
-0.198,-0.51,9.24,-0.055,138,31.9,1.8,3357.0,-1861.0,20.5,-4.08,479594.0,CL,40.66,MA-05,Hull(20/50),MA,fast
0.492,1.2,3.01,0.398,195,37.4,2.23,2185.0,-981.0,14.8,10.24,551225.0,CL,52.36,TS-01,TSMOM(21d),TS,fast
-0.193,-0.5,9.36,-0.053,143,30.8,1.74,2092.0,-1202.0,19.1,-3.98,480083.0,CL,41.97,TS-02,TSMOM(63d),TS,medium
-0.222,-0.56,8.19,-0.069,83,24.1,2.13,2987.0,-1401.0,32.3,-4.5,477477.0,CL,27.75,TS-03,TSMOM(126d),TS,medium
0.155,0.37,6.61,0.056,48,37.5,1.95,2607.0,-1340.0,46.4,3.05,515240.0,CL,19.03,TS-04,TSMOM(252d),TS,slow
0.096,0.22,4.6,0.048,122,29.5,2.28,2315.0,-1015.0,19.0,1.82,509121.0,CL,43.06,TS-05,TSMOM(blend),TS,blend
0.453,0.98,4.29,0.228,60,40.0,2.07,3760.0,-1814.0,35.2,8.29,541457.0,CL,25.2,BR-01,Donchian(20/10),BR,medium
0.036,0.07,6.49,0.011,31,25.8,2.81,7397.0,-2634.0,54.3,0.59,502950.0,CL,18.71,BR-02,Donchian(55/20),BR,slow
0.097,0.19,6.43,0.03,72,34.7,1.71,2937.0,-1723.0,22.9,1.57,507839.0,CL,35.98,BR-03,"ATR Channel(20,2)",BR,medium
-0.422,-1.12,13.48,-0.083,186,32.8,1.59,2688.0,-1687.0,15.6,-8.79,456052.0,CL,52.25,MC-01,MACD(12/26/9),MC,medium
-0.082,-0.21,6.49,-0.032,272,29.8,2.34,2586.0,-1106.0,10.7,-1.7,491498.0,CL,74.16,MC-02,MACD(8/21/5),MC,fast
0.027,0.07,7.11,0.01,132,34.8,1.83,3145.0,-1723.0,22.0,0.57,502854.0,CL,37.43,MC-03,MACD(16/36/12),MC,slow
0.05,0.13,7.9,0.016,276,23.9,3.06,2421.0,-791.0,10.5,1.04,505193.0,CL,72.43,SE-01,Price>EMA(20),SE,fast
0.066,0.17,5.64,0.03,179,19.0,4.12,3396.0,-825.0,15.7,1.38,506913.0,CL,49.41,SE-02,Price>EMA(50),SE,medium
-0.051,-0.13,8.66,-0.015,119,18.5,3.65,3497.0,-957.0,23.7,-1.07,494673.0,CL,38.1,SE-03,Price>EMA(100),SE,slow
0.151,0.41,5.95,0.07,69,31.9,2.35,4636.0,-1972.0,41.8,3.41,517032.0,6E,24.16,MA-01,EMA(10/30),MA,fast
-0.079,-0.22,9.06,-0.024,39,28.2,2.34,7400.0,-3156.0,74.2,-1.77,491156.0,6E,17.54,MA-02,EMA(20/50),MA,medium
-0.048,-0.13,12.08,-0.011,11,27.3,2.32,14509.0,-6258.0,216.2,-1.04,494799.0,6E,10.49,MA-03,SMA(50/200),MA,slow
0.073,0.2,6.11,0.033,33,27.3,2.82,7759.0,-2749.0,87.4,1.63,508159.0,6E,16.39,MA-04,EMA(10/100),MA,asymmetric
-0.119,-0.33,9.48,-0.035,113,38.9,1.34,3198.0,-2387.0,24.7,-2.66,486696.0,6E,35.88,MA-05,Hull(20/50),MA,fast
-0.165,-0.47,8.8,-0.053,206,33.0,1.65,2029.0,-1228.0,13.8,-3.71,481437.0,6E,58.19,TS-01,TSMOM(21d),TS,fast
0.021,0.06,6.0,0.01,128,33.6,1.96,2737.0,-1394.0,22.0,0.48,502390.0,6E,43.01,TS-02,TSMOM(63d),TS,medium
0.129,0.34,10.11,0.034,61,26.2,3.2,4924.0,-1537.0,44.8,2.83,514129.0,6E,24.81,TS-03,TSMOM(126d),TS,medium
0.072,0.19,7.46,0.025,45,35.6,1.45,2329.0,-1606.0,50.8,1.53,507656.0,6E,20.69,TS-04,TSMOM(252d),TS,slow
0.13,0.33,6.25,0.053,109,35.8,1.96,2053.0,-1045.0,22.3,2.69,513453.0,6E,42.04,TS-05,TSMOM(blend),TS,blend
-0.617,-1.5,14.11,-0.106,82,30.5,1.25,2820.0,-2263.0,25.0,-11.51,442462.0,6E,35.78,BR-01,Donchian(20/10),BR,medium
-0.407,-0.9,11.8,-0.076,36,27.8,1.42,4324.0,-3054.0,48.2,-7.06,464682.0,6E,23.34,BR-02,Donchian(55/20),BR,slow
-0.315,-0.68,7.19,-0.095,83,37.3,1.18,2410.0,-2042.0,20.0,-5.38,473117.0,6E,42.69,BR-03,"ATR Channel(20,2)",BR,medium
-0.371,-1.07,9.58,-0.112,181,29.3,1.82,2683.0,-1477.0,15.9,-8.36,458177.0,6E,50.42,MC-01,MACD(12/26/9),MC,medium
-0.39,-1.13,11.77,-0.096,262,30.5,1.88,2435.0,-1292.0,11.1,-8.8,456007.0,6E,70.79,MC-02,MACD(8/21/5),MC,fast
-0.146,-0.41,5.86,-0.07,133,30.1,2.08,3524.0,-1696.0,21.6,-3.29,483547.0,6E,39.4,MC-03,MACD(16/36/12),MC,slow
-0.421,-1.23,11.27,-0.109,307,22.8,2.58,2259.0,-874.0,9.4,-9.5,452518.0,6E,82.54,SE-01,Price>EMA(20),SE,fast
0.08,0.22,6.59,0.034,167,22.2,3.64,3400.0,-935.0,17.2,1.81,509062.0,6E,49.08,SE-02,Price>EMA(50),SE,medium
0.245,0.67,6.46,0.103,95,20.0,5.47,5004.0,-915.0,30.3,5.52,527582.0,6E,32.78,SE-03,Price>EMA(100),SE,slow
